model,state,instance,layer,depth,rel_depth,rdm,cmp,score
waveform,untrained,0,hidden_layers.0,0,0.0,correlation,rho-a,-0.06746288290364288
waveform,untrained,0,hidden_layers.0,0,0.0,correlation,tau-a,-0.045117259312550055
waveform,untrained,0,hidden_layers.0,0,0.0,correlation,corr,-0.05894442199581355
waveform,untrained,0,hidden_layers.0,0,0.0,euclidean,rho-a,-0.003677999044945989
waveform,untrained,0,hidden_layers.0,0,0.0,euclidean,tau-a,-0.0024138964344888898
waveform,untrained,0,hidden_layers.0,0,0.0,euclidean,corr,-0.025216494835406746
waveform,untrained,0,hidden_layers.1,1,0.2,correlation,rho-a,-0.09722387990955167
waveform,untrained,0,hidden_layers.1,1,0.2,correlation,tau-a,-0.06501313457596689
waveform,untrained,0,hidden_layers.1,1,0.2,correlation,corr,-0.09093047765058439
waveform,untrained,0,hidden_layers.1,1,0.2,euclidean,rho-a,-0.005104512445884212
waveform,untrained,0,hidden_layers.1,1,0.2,euclidean,tau-a,-0.00341393961108705
waveform,untrained,0,hidden_layers.1,1,0.2,euclidean,corr,-0.01950290674701024
waveform,untrained,0,hidden_layers.2,2,0.4,correlation,rho-a,-0.05440991497528572
waveform,untrained,0,hidden_layers.2,2,0.4,correlation,tau-a,-0.036303511849971465
waveform,untrained,0,hidden_layers.2,2,0.4,correlation,corr,-0.06149770834987547
waveform,untrained,0,hidden_layers.2,2,0.4,euclidean,rho-a,-0.030494212508182236
waveform,untrained,0,hidden_layers.2,2,0.4,euclidean,tau-a,-0.02038139184733834
waveform,untrained,0,hidden_layers.2,2,0.4,euclidean,corr,-0.04178086274087929
waveform,untrained,0,hidden_layers.3,3,0.6,correlation,rho-a,-0.057342801006182956
waveform,untrained,0,hidden_layers.3,3,0.6,correlation,tau-a,-0.038299469306305324
waveform,untrained,0,hidden_layers.3,3,0.6,correlation,corr,-0.06379301091673988
waveform,untrained,0,hidden_layers.3,3,0.6,euclidean,rho-a,-0.014764189647964766
waveform,untrained,0,hidden_layers.3,3,0.6,euclidean,tau-a,-0.009852006940368828
waveform,untrained,0,hidden_layers.3,3,0.6,euclidean,corr,-0.023502817642467106
waveform,untrained,0,hidden_layers.4,4,0.8,correlation,rho-a,-0.03846879760149188
waveform,untrained,0,hidden_layers.4,4,0.8,correlation,tau-a,-0.02572092436215991
waveform,untrained,0,hidden_layers.4,4,0.8,correlation,corr,-0.040446295204112546
waveform,untrained,0,hidden_layers.4,4,0.8,euclidean,rho-a,0.0049607341281642185
waveform,untrained,0,hidden_layers.4,4,0.8,euclidean,tau-a,0.003356495718720379
waveform,untrained,0,hidden_layers.4,4,0.8,euclidean,corr,-0.0020325228596543596
waveform,untrained,0,classifier,5,1.0,correlation,rho-a,-0.00880504505375523
waveform,untrained,0,classifier,5,1.0,correlation,tau-a,-0.0058656635793946955
waveform,untrained,0,classifier,5,1.0,correlation,corr,-0.008338168575305503
waveform,untrained,0,classifier,5,1.0,euclidean,rho-a,0.01372245934413354
waveform,untrained,0,classifier,5,1.0,euclidean,tau-a,0.009154216344696554
waveform,untrained,0,classifier,5,1.0,euclidean,corr,0.010834607307239464
waveform,untrained,1,hidden_layers.0,0,0.0,correlation,rho-a,-0.07934300677263775
waveform,untrained,1,hidden_layers.0,0,0.0,correlation,tau-a,-0.0530010962958891
waveform,untrained,1,hidden_layers.0,0,0.0,correlation,corr,-0.05676409809875998
waveform,untrained,1,hidden_layers.0,0,0.0,euclidean,rho-a,-0.006397706205485881
waveform,untrained,1,hidden_layers.0,0,0.0,euclidean,tau-a,-0.004219912925288906
waveform,untrained,1,hidden_layers.0,0,0.0,euclidean,corr,-0.026585729211128513
waveform,untrained,1,hidden_layers.1,1,0.2,correlation,rho-a,-0.08674855100251047
waveform,untrained,1,hidden_layers.1,1,0.2,correlation,tau-a,-0.05800195856318736
waveform,untrained,1,hidden_layers.1,1,0.2,correlation,corr,-0.08305294958313128
waveform,untrained,1,hidden_layers.1,1,0.2,euclidean,rho-a,0.004113771193677684
waveform,untrained,1,hidden_layers.1,1,0.2,euclidean,tau-a,0.002832329568763023
waveform,untrained,1,hidden_layers.1,1,0.2,euclidean,corr,-0.01990287336779049
waveform,untrained,1,hidden_layers.2,2,0.4,correlation,rho-a,-0.07980634659970949
waveform,untrained,1,hidden_layers.2,2,0.4,correlation,tau-a,-0.05327772770172973
waveform,untrained,1,hidden_layers.2,2,0.4,correlation,corr,-0.08642587478271001
waveform,untrained,1,hidden_layers.2,2,0.4,euclidean,rho-a,-0.004925694527063076
waveform,untrained,1,hidden_layers.2,2,0.4,euclidean,tau-a,-0.0032260525551098596
waveform,untrained,1,hidden_layers.2,2,0.4,euclidean,corr,-0.025948592328396122
waveform,untrained,1,hidden_layers.3,3,0.6,correlation,rho-a,-0.061517062784673504
waveform,untrained,1,hidden_layers.3,3,0.6,correlation,tau-a,-0.04114591862503079
waveform,untrained,1,hidden_layers.3,3,0.6,correlation,corr,-0.06463588250510235
waveform,untrained,1,hidden_layers.3,3,0.6,euclidean,rho-a,-0.006190444094443186
waveform,untrained,1,hidden_layers.3,3,0.6,euclidean,tau-a,-0.00406627252774607
waveform,untrained,1,hidden_layers.3,3,0.6,euclidean,corr,-0.020548758913347412
waveform,untrained,1,hidden_layers.4,4,0.8,correlation,rho-a,-0.04650102444910478
waveform,untrained,1,hidden_layers.4,4,0.8,correlation,tau-a,-0.031126015702773235
waveform,untrained,1,hidden_layers.4,4,0.8,correlation,corr,-0.04674853370648161
waveform,untrained,1,hidden_layers.4,4,0.8,euclidean,rho-a,-0.018043561760349998
waveform,untrained,1,hidden_layers.4,4,0.8,euclidean,tau-a,-0.012052840118499667
waveform,untrained,1,hidden_layers.4,4,0.8,euclidean,corr,-0.02046601649268635
waveform,untrained,1,classifier,5,1.0,correlation,rho-a,-0.04290269070231539
waveform,untrained,1,classifier,5,1.0,correlation,tau-a,-0.028804889468236585
waveform,untrained,1,classifier,5,1.0,correlation,corr,-0.03385540698892359
waveform,untrained,1,classifier,5,1.0,euclidean,rho-a,-0.006144122470644062
waveform,untrained,1,classifier,5,1.0,euclidean,tau-a,-0.004140447468998402
waveform,untrained,1,classifier,5,1.0,euclidean,corr,0.0023104214309313856
waveform,untrained,2,hidden_layers.0,0,0.0,correlation,rho-a,-0.07639887265301677
waveform,untrained,2,hidden_layers.0,0,0.0,correlation,tau-a,-0.051155713595581936
waveform,untrained,2,hidden_layers.0,0,0.0,correlation,corr,-0.056542641254829676
waveform,untrained,2,hidden_layers.0,0,0.0,euclidean,rho-a,-0.006105989798296595
waveform,untrained,2,hidden_layers.0,0,0.0,euclidean,tau-a,-0.0041299320141416525
waveform,untrained,2,hidden_layers.0,0,0.0,euclidean,corr,-0.019262351979704787
waveform,untrained,2,hidden_layers.1,1,0.2,correlation,rho-a,-0.11772172189242919
waveform,untrained,2,hidden_layers.1,1,0.2,correlation,tau-a,-0.07897170533257966
waveform,untrained,2,hidden_layers.1,1,0.2,correlation,corr,-0.10331811544565232
waveform,untrained,2,hidden_layers.1,1,0.2,euclidean,rho-a,-0.017718296992229883
waveform,untrained,2,hidden_layers.1,1,0.2,euclidean,tau-a,-0.011915750437988601
waveform,untrained,2,hidden_layers.1,1,0.2,euclidean,corr,-0.02549262890705127
waveform,untrained,2,hidden_layers.2,2,0.4,correlation,rho-a,-0.10023740067277695
waveform,untrained,2,hidden_layers.2,2,0.4,correlation,tau-a,-0.06729861131076424
waveform,untrained,2,hidden_layers.2,2,0.4,correlation,corr,-0.09476966365923183
waveform,untrained,2,hidden_layers.2,2,0.4,euclidean,rho-a,-0.017032390799261644
waveform,untrained,2,hidden_layers.2,2,0.4,euclidean,tau-a,-0.011420910463023721
waveform,untrained,2,hidden_layers.2,2,0.4,euclidean,corr,-0.018536989422677008
waveform,untrained,2,hidden_layers.3,3,0.6,correlation,rho-a,-0.08927658774094448
waveform,untrained,2,hidden_layers.3,3,0.6,correlation,tau-a,-0.059816823024688666
waveform,untrained,2,hidden_layers.3,3,0.6,correlation,corr,-0.09559731861037003
waveform,untrained,2,hidden_layers.3,3,0.6,euclidean,rho-a,-0.03105324500566313
waveform,untrained,2,hidden_layers.3,3,0.6,euclidean,tau-a,-0.020764554881357988
waveform,untrained,2,hidden_layers.3,3,0.6,euclidean,corr,-0.038719516444431196
waveform,untrained,2,hidden_layers.4,4,0.8,correlation,rho-a,-0.0998444268266418
waveform,untrained,2,hidden_layers.4,4,0.8,correlation,tau-a,-0.06698750841716493
waveform,untrained,2,hidden_layers.4,4,0.8,correlation,corr,-0.09120566789787399
waveform,untrained,2,hidden_layers.4,4,0.8,euclidean,rho-a,-0.03578958281259689
waveform,untrained,2,hidden_layers.4,4,0.8,euclidean,tau-a,-0.02394179605336665
waveform,untrained,2,hidden_layers.4,4,0.8,euclidean,corr,-0.03392878347095875
waveform,untrained,2,classifier,5,1.0,correlation,rho-a,-0.06085539482156704
waveform,untrained,2,classifier,5,1.0,correlation,tau-a,-0.04069100459091175
waveform,untrained,2,classifier,5,1.0,correlation,corr,-0.057941166023449474
waveform,untrained,2,classifier,5,1.0,euclidean,rho-a,-0.035393919675882964
waveform,untrained,2,classifier,5,1.0,euclidean,tau-a,-0.02364722045707783
waveform,untrained,2,classifier,5,1.0,euclidean,corr,-0.026934467570148193
waveform,untrained,3,hidden_layers.0,0,0.0,correlation,rho-a,-0.05215259428298496
waveform,untrained,3,hidden_layers.0,0,0.0,correlation,tau-a,-0.034905761992435974
waveform,untrained,3,hidden_layers.0,0,0.0,correlation,corr,-0.04596684682718547
waveform,untrained,3,hidden_layers.0,0,0.0,euclidean,rho-a,-0.0020182189429461105
waveform,untrained,3,hidden_layers.0,0,0.0,euclidean,tau-a,-0.0012697353190221786
waveform,untrained,3,hidden_layers.0,0,0.0,euclidean,corr,-0.025883286087773395
waveform,untrained,3,hidden_layers.1,1,0.2,correlation,rho-a,-0.10593378426006816
waveform,untrained,3,hidden_layers.1,1,0.2,correlation,tau-a,-0.07083605248007308
waveform,untrained,3,hidden_layers.1,1,0.2,correlation,corr,-0.09916322365362709
waveform,untrained,3,hidden_layers.1,1,0.2,euclidean,rho-a,-0.00211591084025121
waveform,untrained,3,hidden_layers.1,1,0.2,euclidean,tau-a,-0.0013655805283790767
waveform,untrained,3,hidden_layers.1,1,0.2,euclidean,corr,-0.02372474980403934
waveform,untrained,3,hidden_layers.2,2,0.4,correlation,rho-a,-0.09742878079996989
waveform,untrained,3,hidden_layers.2,2,0.4,correlation,tau-a,-0.0650416410607144
waveform,untrained,3,hidden_layers.2,2,0.4,correlation,corr,-0.1003313515224801
waveform,untrained,3,hidden_layers.2,2,0.4,euclidean,rho-a,-0.01885512074211142
waveform,untrained,3,hidden_layers.2,2,0.4,euclidean,tau-a,-0.012594763101134946
waveform,untrained,3,hidden_layers.2,2,0.4,euclidean,corr,-0.03707868415436198
waveform,untrained,3,hidden_layers.3,3,0.6,correlation,rho-a,-0.10329380581487196
waveform,untrained,3,hidden_layers.3,3,0.6,correlation,tau-a,-0.06913452073381181
waveform,untrained,3,hidden_layers.3,3,0.6,correlation,corr,-0.10413148306987043
waveform,untrained,3,hidden_layers.3,3,0.6,euclidean,rho-a,-0.011427799274788089
waveform,untrained,3,hidden_layers.3,3,0.6,euclidean,tau-a,-0.007608784066713006
waveform,untrained,3,hidden_layers.3,3,0.6,euclidean,corr,-0.027425286181425767
waveform,untrained,3,hidden_layers.4,4,0.8,correlation,rho-a,-0.0694670928775352
waveform,untrained,3,hidden_layers.4,4,0.8,correlation,tau-a,-0.04641141905889986
waveform,untrained,3,hidden_layers.4,4,0.8,correlation,corr,-0.0745318788202839
waveform,untrained,3,hidden_layers.4,4,0.8,euclidean,rho-a,-0.028910055042642713
waveform,untrained,3,hidden_layers.4,4,0.8,euclidean,tau-a,-0.01925573465365853
waveform,untrained,3,hidden_layers.4,4,0.8,euclidean,corr,-0.04287460621801647
waveform,untrained,3,classifier,5,1.0,correlation,rho-a,-0.10799010121106892
waveform,untrained,3,classifier,5,1.0,correlation,tau-a,-0.07244010900437603
waveform,untrained,3,classifier,5,1.0,correlation,corr,-0.10669316222661163
waveform,untrained,3,classifier,5,1.0,euclidean,rho-a,-0.018999005660844843
waveform,untrained,3,classifier,5,1.0,euclidean,tau-a,-0.012679739217843699
waveform,untrained,3,classifier,5,1.0,euclidean,corr,-0.03075132339373289
waveform,untrained,4,hidden_layers.0,0,0.0,correlation,rho-a,-0.043593806324048925
waveform,untrained,4,hidden_layers.0,0,0.0,correlation,tau-a,-0.029165562543906707
waveform,untrained,4,hidden_layers.0,0,0.0,correlation,corr,-0.037050270919383184
waveform,untrained,4,hidden_layers.0,0,0.0,euclidean,rho-a,0.011662316808265913
waveform,untrained,4,hidden_layers.0,0,0.0,euclidean,tau-a,0.007831606320930315
waveform,untrained,4,hidden_layers.0,0,0.0,euclidean,corr,-0.012100846663129067
waveform,untrained,4,hidden_layers.1,1,0.2,correlation,rho-a,-0.07019268395289308
waveform,untrained,4,hidden_layers.1,1,0.2,correlation,tau-a,-0.046943540888177565
waveform,untrained,4,hidden_layers.1,1,0.2,correlation,corr,-0.07310687418353051
waveform,untrained,4,hidden_layers.1,1,0.2,euclidean,rho-a,-0.00772062445593818
waveform,untrained,4,hidden_layers.1,1,0.2,euclidean,tau-a,-0.005127942358932316
waveform,untrained,4,hidden_layers.1,1,0.2,euclidean,corr,-0.025317297705087245
waveform,untrained,4,hidden_layers.2,2,0.4,correlation,rho-a,-0.08208398511322887
waveform,untrained,4,hidden_layers.2,2,0.4,correlation,tau-a,-0.05508393389227215
waveform,untrained,4,hidden_layers.2,2,0.4,correlation,corr,-0.081996769798957
waveform,untrained,4,hidden_layers.2,2,0.4,euclidean,rho-a,0.001276761088074487
waveform,untrained,4,hidden_layers.2,2,0.4,euclidean,tau-a,0.0008800803382624634
waveform,untrained,4,hidden_layers.2,2,0.4,euclidean,corr,-0.013812885523232022
waveform,untrained,4,hidden_layers.3,3,0.6,correlation,rho-a,-0.06587835572315978
waveform,untrained,4,hidden_layers.3,3,0.6,correlation,tau-a,-0.04409361374084136
waveform,untrained,4,hidden_layers.3,3,0.6,correlation,corr,-0.06782539477448621
waveform,untrained,4,hidden_layers.3,3,0.6,euclidean,rho-a,0.03277580910091176
waveform,untrained,4,hidden_layers.3,3,0.6,euclidean,tau-a,0.021966349588933773
waveform,untrained,4,hidden_layers.3,3,0.6,euclidean,corr,0.021900706946452696
waveform,untrained,4,hidden_layers.4,4,0.8,correlation,rho-a,-0.005848538374429487
waveform,untrained,4,hidden_layers.4,4,0.8,correlation,tau-a,-0.003933969838265559
waveform,untrained,4,hidden_layers.4,4,0.8,correlation,corr,-0.008351733364507332
waveform,untrained,4,hidden_layers.4,4,0.8,euclidean,rho-a,0.011828057628397521
waveform,untrained,4,hidden_layers.4,4,0.8,euclidean,tau-a,0.007927142389966257
waveform,untrained,4,hidden_layers.4,4,0.8,euclidean,corr,0.007073639110341569
waveform,untrained,4,classifier,5,1.0,correlation,rho-a,-0.0182346588840668
waveform,untrained,4,classifier,5,1.0,correlation,tau-a,-0.012235057259953875
waveform,untrained,4,classifier,5,1.0,correlation,corr,-0.02170844745126989
waveform,untrained,4,classifier,5,1.0,euclidean,rho-a,0.020709819733992378
waveform,untrained,4,classifier,5,1.0,euclidean,tau-a,0.013839671173623405
waveform,untrained,4,classifier,5,1.0,euclidean,corr,0.02075655364269128
waveform,trained,0,hidden_layers.0,0,0.0,correlation,rho-a,-0.046371311011290224
waveform,trained,0,hidden_layers.0,0,0.0,correlation,tau-a,-0.030899429899345503
waveform,trained,0,hidden_layers.0,0,0.0,correlation,corr,-0.05865205814169644
waveform,trained,0,hidden_layers.0,0,0.0,euclidean,rho-a,-0.09006801226755194
waveform,trained,0,hidden_layers.0,0,0.0,euclidean,tau-a,-0.060076889661664745
waveform,trained,0,hidden_layers.0,0,0.0,euclidean,corr,-0.09232424822026196
waveform,trained,0,hidden_layers.1,1,0.2,correlation,rho-a,-0.012431610812947344
waveform,trained,0,hidden_layers.1,1,0.2,correlation,tau-a,-0.008282784909504464
waveform,trained,0,hidden_layers.1,1,0.2,correlation,corr,-0.020529317257490968
waveform,trained,0,hidden_layers.1,1,0.2,euclidean,rho-a,-0.03236144103423378
waveform,trained,0,hidden_layers.1,1,0.2,euclidean,tau-a,-0.0215899009890064
waveform,trained,0,hidden_layers.1,1,0.2,euclidean,corr,-0.0328204186134691
waveform,trained,0,hidden_layers.2,2,0.4,correlation,rho-a,-0.009846403009517984
waveform,trained,0,hidden_layers.2,2,0.4,correlation,tau-a,-0.006602705627939825
waveform,trained,0,hidden_layers.2,2,0.4,correlation,corr,-0.016837433921295098
waveform,trained,0,hidden_layers.2,2,0.4,euclidean,rho-a,-0.0241959298523459
waveform,trained,0,hidden_layers.2,2,0.4,euclidean,tau-a,-0.016113878338538647
waveform,trained,0,hidden_layers.2,2,0.4,euclidean,corr,-0.027177490728219632
waveform,trained,0,hidden_layers.3,3,0.6,correlation,rho-a,-0.014877848582259344
waveform,trained,0,hidden_layers.3,3,0.6,correlation,tau-a,-0.009890026515902118
waveform,trained,0,hidden_layers.3,3,0.6,correlation,corr,-0.0219189211302485
waveform,trained,0,hidden_layers.3,3,0.6,euclidean,rho-a,-0.03246495104497468
waveform,trained,0,hidden_layers.3,3,0.6,euclidean,tau-a,-0.021581113909580448
waveform,trained,0,hidden_layers.3,3,0.6,euclidean,corr,-0.036530288211703864
waveform,trained,0,hidden_layers.4,4,0.8,correlation,rho-a,-0.006132023811348539
waveform,trained,0,hidden_layers.4,4,0.8,correlation,tau-a,-0.0041176530542721785
waveform,trained,0,hidden_layers.4,4,0.8,correlation,corr,-0.015498080592989837
waveform,trained,0,hidden_layers.4,4,0.8,euclidean,rho-a,-0.021936017549917104
waveform,trained,0,hidden_layers.4,4,0.8,euclidean,tau-a,-0.014555347410440667
waveform,trained,0,hidden_layers.4,4,0.8,euclidean,corr,-0.028440053207190747
waveform,trained,0,classifier,5,1.0,correlation,rho-a,0.006757990285076456
waveform,trained,0,classifier,5,1.0,correlation,tau-a,0.00442417973433249
waveform,trained,0,classifier,5,1.0,correlation,corr,-0.01007510466449405
waveform,trained,0,classifier,5,1.0,euclidean,rho-a,-0.010839174956239483
waveform,trained,0,classifier,5,1.0,euclidean,tau-a,-0.007162802314291891
waveform,trained,0,classifier,5,1.0,euclidean,corr,-0.017029717749042945
waveform,trained,1,hidden_layers.0,0,0.0,correlation,rho-a,-0.079712168722585
waveform,trained,1,hidden_layers.0,0,0.0,correlation,tau-a,-0.05328504168068688
waveform,trained,1,hidden_layers.0,0,0.0,correlation,corr,-0.08619362159160648
waveform,trained,1,hidden_layers.0,0,0.0,euclidean,rho-a,-0.07119974538665477
waveform,trained,1,hidden_layers.0,0,0.0,euclidean,tau-a,-0.04753327523181519
waveform,trained,1,hidden_layers.0,0,0.0,euclidean,corr,-0.08585805951628979
waveform,trained,1,hidden_layers.1,1,0.2,correlation,rho-a,-0.03944767403387976
waveform,trained,1,hidden_layers.1,1,0.2,correlation,tau-a,-0.026284437985847387
waveform,trained,1,hidden_layers.1,1,0.2,correlation,corr,-0.044273944390497165
waveform,trained,1,hidden_layers.1,1,0.2,euclidean,rho-a,-0.0340913351404285
waveform,trained,1,hidden_layers.1,1,0.2,euclidean,tau-a,-0.022724509200161155
waveform,trained,1,hidden_layers.1,1,0.2,euclidean,corr,-0.04464037745348043
waveform,trained,1,hidden_layers.2,2,0.4,correlation,rho-a,-0.03033329090960206
waveform,trained,1,hidden_layers.2,2,0.4,correlation,tau-a,-0.020194296377940568
waveform,trained,1,hidden_layers.2,2,0.4,correlation,corr,-0.035473287151079634
waveform,trained,1,hidden_layers.2,2,0.4,euclidean,rho-a,-0.022927530082639064
waveform,trained,1,hidden_layers.2,2,0.4,euclidean,tau-a,-0.01530680195546429
waveform,trained,1,hidden_layers.2,2,0.4,euclidean,corr,-0.031012955485465565
waveform,trained,1,hidden_layers.3,3,0.6,correlation,rho-a,-0.023501552738482402
waveform,trained,1,hidden_layers.3,3,0.6,correlation,tau-a,-0.015641710995749313
waveform,trained,1,hidden_layers.3,3,0.6,correlation,corr,-0.027999953877448854
waveform,trained,1,hidden_layers.3,3,0.6,euclidean,rho-a,-0.019678512358843863
waveform,trained,1,hidden_layers.3,3,0.6,euclidean,tau-a,-0.013148175799032411
waveform,trained,1,hidden_layers.3,3,0.6,euclidean,corr,-0.02712560793621235
waveform,trained,1,hidden_layers.4,4,0.8,correlation,rho-a,-0.03166680095569984
waveform,trained,1,hidden_layers.4,4,0.8,correlation,tau-a,-0.0211077849486154
waveform,trained,1,hidden_layers.4,4,0.8,correlation,corr,-0.033337225894535666
waveform,trained,1,hidden_layers.4,4,0.8,euclidean,rho-a,-0.01257277674249956
waveform,trained,1,hidden_layers.4,4,0.8,euclidean,tau-a,-0.008371217777074811
waveform,trained,1,hidden_layers.4,4,0.8,euclidean,corr,-0.020816417403536416
waveform,trained,1,classifier,5,1.0,correlation,rho-a,-0.041997148645882
waveform,trained,1,classifier,5,1.0,correlation,tau-a,-0.02801060962087209
waveform,trained,1,classifier,5,1.0,correlation,corr,-0.03896659651194254
waveform,trained,1,classifier,5,1.0,euclidean,rho-a,0.007854451434941628
waveform,trained,1,classifier,5,1.0,euclidean,tau-a,0.005250781139041752
waveform,trained,1,classifier,5,1.0,euclidean,corr,0.01044935523567003
waveform,trained,2,hidden_layers.0,0,0.0,correlation,rho-a,-0.08438431608547539
waveform,trained,2,hidden_layers.0,0,0.0,correlation,tau-a,-0.05645864576998006
waveform,trained,2,hidden_layers.0,0,0.0,correlation,corr,-0.09189488775019837
waveform,trained,2,hidden_layers.0,0,0.0,euclidean,rho-a,-0.04998048638218099
waveform,trained,2,hidden_layers.0,0,0.0,euclidean,tau-a,-0.033407504059035836
waveform,trained,2,hidden_layers.0,0,0.0,euclidean,corr,-0.04324284160268142
waveform,trained,2,hidden_layers.1,1,0.2,correlation,rho-a,-0.04040037716075561
waveform,trained,2,hidden_layers.1,1,0.2,correlation,tau-a,-0.02700776778758043
waveform,trained,2,hidden_layers.1,1,0.2,correlation,corr,-0.04643751155607437
waveform,trained,2,hidden_layers.1,1,0.2,euclidean,rho-a,-0.025502671891074052
waveform,trained,2,hidden_layers.1,1,0.2,euclidean,tau-a,-0.017024711112819814
waveform,trained,2,hidden_layers.1,1,0.2,euclidean,corr,-0.024086657437569693
waveform,trained,2,hidden_layers.2,2,0.4,correlation,rho-a,-0.04324472586551826
waveform,trained,2,hidden_layers.2,2,0.4,correlation,tau-a,-0.028922964677036752
waveform,trained,2,hidden_layers.2,2,0.4,correlation,corr,-0.05041844599905054
waveform,trained,2,hidden_layers.2,2,0.4,euclidean,rho-a,-0.01020150599078836
waveform,trained,2,hidden_layers.2,2,0.4,euclidean,tau-a,-0.0067844918465223975
waveform,trained,2,hidden_layers.2,2,0.4,euclidean,corr,-0.010011653878495003
waveform,trained,2,hidden_layers.3,3,0.6,correlation,rho-a,-0.04176097348607628
waveform,trained,2,hidden_layers.3,3,0.6,correlation,tau-a,-0.027885178277616458
waveform,trained,2,hidden_layers.3,3,0.6,correlation,corr,-0.0482907693231431
waveform,trained,2,hidden_layers.3,3,0.6,euclidean,rho-a,-0.0001347418295106729
waveform,trained,2,hidden_layers.3,3,0.6,euclidean,tau-a,-0.00010143783879964148
waveform,trained,2,hidden_layers.3,3,0.6,euclidean,corr,0.002068519644610621
waveform,trained,2,hidden_layers.4,4,0.8,correlation,rho-a,-0.061914722626848266
waveform,trained,2,hidden_layers.4,4,0.8,correlation,tau-a,-0.04129566900686826
waveform,trained,2,hidden_layers.4,4,0.8,correlation,corr,-0.06571302152072664
waveform,trained,2,hidden_layers.4,4,0.8,euclidean,rho-a,0.01240404982137434
waveform,trained,2,hidden_layers.4,4,0.8,euclidean,tau-a,0.008280782523334638
waveform,trained,2,hidden_layers.4,4,0.8,euclidean,corr,0.01516336995294464
waveform,trained,2,classifier,5,1.0,correlation,rho-a,-0.11252004326914114
waveform,trained,2,classifier,5,1.0,correlation,tau-a,-0.07523438386802384
waveform,trained,2,classifier,5,1.0,correlation,corr,-0.10699646496037167
waveform,trained,2,classifier,5,1.0,euclidean,rho-a,0.024186565183342522
waveform,trained,2,classifier,5,1.0,euclidean,tau-a,0.01602273815118781
waveform,trained,2,classifier,5,1.0,euclidean,corr,0.031011913470727268
waveform,trained,3,hidden_layers.0,0,0.0,correlation,rho-a,-0.07034726170572621
waveform,trained,3,hidden_layers.0,0,0.0,correlation,tau-a,-0.04719272906461699
waveform,trained,3,hidden_layers.0,0,0.0,correlation,corr,-0.07538561183081129
waveform,trained,3,hidden_layers.0,0,0.0,euclidean,rho-a,-0.06743634386168956
waveform,trained,3,hidden_layers.0,0,0.0,euclidean,tau-a,-0.045166396229777105
waveform,trained,3,hidden_layers.0,0,0.0,euclidean,corr,-0.08504965226852212
waveform,trained,3,hidden_layers.1,1,0.2,correlation,rho-a,-0.01804073120293498
waveform,trained,3,hidden_layers.1,1,0.2,correlation,tau-a,-0.011998686696973472
waveform,trained,3,hidden_layers.1,1,0.2,correlation,corr,-0.01929281139904668
waveform,trained,3,hidden_layers.1,1,0.2,euclidean,rho-a,-0.0454331685408191
waveform,trained,3,hidden_layers.1,1,0.2,euclidean,tau-a,-0.03050899972581127
waveform,trained,3,hidden_layers.1,1,0.2,euclidean,corr,-0.052660497447989243
waveform,trained,3,hidden_layers.2,2,0.4,correlation,rho-a,-0.021757955192591858
waveform,trained,3,hidden_layers.2,2,0.4,correlation,tau-a,-0.014463143967743512
waveform,trained,3,hidden_layers.2,2,0.4,correlation,corr,-0.02373556977633204
waveform,trained,3,hidden_layers.2,2,0.4,euclidean,rho-a,-0.03468475794396872
waveform,trained,3,hidden_layers.2,2,0.4,euclidean,tau-a,-0.02329813311752716
waveform,trained,3,hidden_layers.2,2,0.4,euclidean,corr,-0.04167434823700489
waveform,trained,3,hidden_layers.3,3,0.6,correlation,rho-a,-0.02187841703022394
waveform,trained,3,hidden_layers.3,3,0.6,correlation,tau-a,-0.014535653766812514
waveform,trained,3,hidden_layers.3,3,0.6,correlation,corr,-0.01987926849540656
waveform,trained,3,hidden_layers.3,3,0.6,euclidean,rho-a,-0.025231261330496614
waveform,trained,3,hidden_layers.3,3,0.6,euclidean,tau-a,-0.016924566042635078
waveform,trained,3,hidden_layers.3,3,0.6,euclidean,corr,-0.028329990650464737
waveform,trained,3,hidden_layers.4,4,0.8,correlation,rho-a,-0.03865600469958668
waveform,trained,3,hidden_layers.4,4,0.8,correlation,tau-a,-0.0256899986202037
waveform,trained,3,hidden_layers.4,4,0.8,correlation,corr,-0.03136911217541095
waveform,trained,3,hidden_layers.4,4,0.8,euclidean,rho-a,-0.0011061286328217655
waveform,trained,3,hidden_layers.4,4,0.8,euclidean,tau-a,-0.0008223928807944336
waveform,trained,3,hidden_layers.4,4,0.8,euclidean,corr,0.005727790031105233
waveform,trained,3,classifier,5,1.0,correlation,rho-a,-0.03221141901910267
waveform,trained,3,classifier,5,1.0,correlation,tau-a,-0.021364305839789002
waveform,trained,3,classifier,5,1.0,correlation,corr,-0.011222966674256882
waveform,trained,3,classifier,5,1.0,euclidean,rho-a,0.023798850382756507
waveform,trained,3,classifier,5,1.0,euclidean,tau-a,0.01589760658036462
waveform,trained,3,classifier,5,1.0,euclidean,corr,0.03512898082225816
waveform,trained,4,hidden_layers.0,0,0.0,correlation,rho-a,-0.060412034871668796
waveform,trained,4,hidden_layers.0,0,0.0,correlation,tau-a,-0.040578011461630335
waveform,trained,4,hidden_layers.0,0,0.0,correlation,corr,-0.07464342982101667
waveform,trained,4,hidden_layers.0,0,0.0,euclidean,rho-a,-0.06451481137388171
waveform,trained,4,hidden_layers.0,0,0.0,euclidean,tau-a,-0.04316340114719725
waveform,trained,4,hidden_layers.0,0,0.0,euclidean,corr,-0.07798287501974874
waveform,trained,4,hidden_layers.1,1,0.2,correlation,rho-a,-0.04437669029789606
waveform,trained,4,hidden_layers.1,1,0.2,correlation,tau-a,-0.029668892167837226
waveform,trained,4,hidden_layers.1,1,0.2,correlation,corr,-0.052710802427349705
waveform,trained,4,hidden_layers.1,1,0.2,euclidean,rho-a,-0.04408337537071434
waveform,trained,4,hidden_layers.1,1,0.2,euclidean,tau-a,-0.0294646300427379
waveform,trained,4,hidden_layers.1,1,0.2,euclidean,corr,-0.05462892396186147
waveform,trained,4,hidden_layers.2,2,0.4,correlation,rho-a,-0.04719903038018646
waveform,trained,4,hidden_layers.2,2,0.4,correlation,tau-a,-0.03162656306381515
waveform,trained,4,hidden_layers.2,2,0.4,correlation,corr,-0.055510735616327536
waveform,trained,4,hidden_layers.2,2,0.4,euclidean,rho-a,-0.03564656462375394
waveform,trained,4,hidden_layers.2,2,0.4,euclidean,tau-a,-0.023808619808282225
waveform,trained,4,hidden_layers.2,2,0.4,euclidean,corr,-0.04289797287020581
waveform,trained,4,hidden_layers.3,3,0.6,correlation,rho-a,-0.041826332265265685
waveform,trained,4,hidden_layers.3,3,0.6,correlation,tau-a,-0.027977487109059392
waveform,trained,4,hidden_layers.3,3,0.6,correlation,corr,-0.05101063291053753
waveform,trained,4,hidden_layers.3,3,0.6,euclidean,rho-a,-0.031807018787739255
waveform,trained,4,hidden_layers.3,3,0.6,euclidean,tau-a,-0.021232146010608327
waveform,trained,4,hidden_layers.3,3,0.6,euclidean,corr,-0.04326357570693015
waveform,trained,4,hidden_layers.4,4,0.8,correlation,rho-a,-0.029257111834274794
waveform,trained,4,hidden_layers.4,4,0.8,correlation,tau-a,-0.019517503904371996
waveform,trained,4,hidden_layers.4,4,0.8,correlation,corr,-0.03570338540414066
waveform,trained,4,hidden_layers.4,4,0.8,euclidean,rho-a,-0.013092051634791739
waveform,trained,4,hidden_layers.4,4,0.8,euclidean,tau-a,-0.008742612401148986
waveform,trained,4,hidden_layers.4,4,0.8,euclidean,corr,-0.021327221041813102
waveform,trained,4,classifier,5,1.0,correlation,rho-a,-0.020035500204831795
waveform,trained,4,classifier,5,1.0,correlation,tau-a,-0.013336379021246942
waveform,trained,4,classifier,5,1.0,correlation,corr,-0.013915622335411697
waveform,trained,4,classifier,5,1.0,euclidean,rho-a,0.01183737145559942
waveform,trained,4,classifier,5,1.0,euclidean,tau-a,0.00788504778292946
waveform,trained,4,classifier,5,1.0,euclidean,corr,0.020544748323630988
uninspired,untrained,0,conv_layers.0,0,0.0,correlation,rho-a,-0.07011743751397374
uninspired,untrained,0,conv_layers.0,0,0.0,correlation,tau-a,-0.04801031153465958
uninspired,untrained,0,conv_layers.0,0,0.0,correlation,corr,-0.043538751505808826
uninspired,untrained,0,conv_layers.0,0,0.0,euclidean,rho-a,0.07267069846522892
uninspired,untrained,0,conv_layers.0,0,0.0,euclidean,tau-a,0.048661061278159765
uninspired,untrained,0,conv_layers.0,0,0.0,euclidean,corr,0.055994253082635434
uninspired,untrained,0,conv_layers.1,1,0.2,correlation,rho-a,-0.06899778894318057
uninspired,untrained,0,conv_layers.1,1,0.2,correlation,tau-a,-0.04640591308242587
uninspired,untrained,0,conv_layers.1,1,0.2,correlation,corr,-0.06099883670042748
uninspired,untrained,0,conv_layers.1,1,0.2,euclidean,rho-a,0.11312670130081448
uninspired,untrained,0,conv_layers.1,1,0.2,euclidean,tau-a,0.07532881452621515
uninspired,untrained,0,conv_layers.1,1,0.2,euclidean,corr,0.09833118194888685
uninspired,untrained,0,conv_layers.2,2,0.4,correlation,rho-a,-0.03753565931782377
uninspired,untrained,0,conv_layers.2,2,0.4,correlation,tau-a,-0.025116536298914558
uninspired,untrained,0,conv_layers.2,2,0.4,correlation,corr,-0.03905183015865931
uninspired,untrained,0,conv_layers.2,2,0.4,euclidean,rho-a,0.12849450901438336
uninspired,untrained,0,conv_layers.2,2,0.4,euclidean,tau-a,0.08562866742881935
uninspired,untrained,0,conv_layers.2,2,0.4,euclidean,corr,0.11083882496507046
uninspired,untrained,0,fc_layers.0,3,0.6,correlation,rho-a,0.02871669818113478
uninspired,untrained,0,fc_layers.0,3,0.6,correlation,tau-a,0.019304215818689616
uninspired,untrained,0,fc_layers.0,3,0.6,correlation,corr,0.011861900646588078
uninspired,untrained,0,fc_layers.0,3,0.6,euclidean,rho-a,0.05391482816788248
uninspired,untrained,0,fc_layers.0,3,0.6,euclidean,tau-a,0.035937576362928714
uninspired,untrained,0,fc_layers.0,3,0.6,euclidean,corr,0.06978634982873268
uninspired,untrained,0,fc_layers.1,4,0.8,correlation,rho-a,0.03088676046230269
uninspired,untrained,0,fc_layers.1,4,0.8,correlation,tau-a,0.020704523109789378
uninspired,untrained,0,fc_layers.1,4,0.8,correlation,corr,0.01295893759676302
uninspired,untrained,0,fc_layers.1,4,0.8,euclidean,rho-a,0.05807753433623519
uninspired,untrained,0,fc_layers.1,4,0.8,euclidean,tau-a,0.038721886135169956
uninspired,untrained,0,fc_layers.1,4,0.8,euclidean,corr,0.07073332487892761
uninspired,untrained,0,classifier,5,1.0,correlation,rho-a,0.03654888979563092
uninspired,untrained,0,classifier,5,1.0,correlation,tau-a,0.024487222626306093
uninspired,untrained,0,classifier,5,1.0,correlation,corr,0.016180719810562093
uninspired,untrained,0,classifier,5,1.0,euclidean,rho-a,0.046559839246694955
uninspired,untrained,0,classifier,5,1.0,euclidean,tau-a,0.031004013006713658
uninspired,untrained,0,classifier,5,1.0,euclidean,corr,0.06389985788656087
uninspired,untrained,1,conv_layers.0,0,0.0,correlation,rho-a,-0.05139523796729098
uninspired,untrained,1,conv_layers.0,0,0.0,correlation,tau-a,-0.03510165625112034
uninspired,untrained,1,conv_layers.0,0,0.0,correlation,corr,-0.03375916663098144
uninspired,untrained,1,conv_layers.0,0,0.0,euclidean,rho-a,0.060285342895799315
uninspired,untrained,1,conv_layers.0,0,0.0,euclidean,tau-a,0.04050022754132806
uninspired,untrained,1,conv_layers.0,0,0.0,euclidean,corr,0.038048341289485345
uninspired,untrained,1,conv_layers.1,1,0.2,correlation,rho-a,-0.02514683528625528
uninspired,untrained,1,conv_layers.1,1,0.2,correlation,tau-a,-0.016925174955388474
uninspired,untrained,1,conv_layers.1,1,0.2,correlation,corr,-0.022314275224921003
uninspired,untrained,1,conv_layers.1,1,0.2,euclidean,rho-a,0.0643810353155596
uninspired,untrained,1,conv_layers.1,1,0.2,euclidean,tau-a,0.043029025812383055
uninspired,untrained,1,conv_layers.1,1,0.2,euclidean,corr,0.04212810605539371
uninspired,untrained,1,conv_layers.2,2,0.4,correlation,rho-a,0.01201216475189937
uninspired,untrained,1,conv_layers.2,2,0.4,correlation,tau-a,0.00790457983048075
uninspired,untrained,1,conv_layers.2,2,0.4,correlation,corr,0.0012713190316322302
uninspired,untrained,1,conv_layers.2,2,0.4,euclidean,rho-a,0.10351747198853728
uninspired,untrained,1,conv_layers.2,2,0.4,euclidean,tau-a,0.0686223501650964
uninspired,untrained,1,conv_layers.2,2,0.4,euclidean,corr,0.0747007592741897
uninspired,untrained,1,fc_layers.0,3,0.6,correlation,rho-a,0.05051966691109054
uninspired,untrained,1,fc_layers.0,3,0.6,correlation,tau-a,0.033695798486076144
uninspired,untrained,1,fc_layers.0,3,0.6,correlation,corr,0.01426736188083953
uninspired,untrained,1,fc_layers.0,3,0.6,euclidean,rho-a,0.02143321026459441
uninspired,untrained,1,fc_layers.0,3,0.6,euclidean,tau-a,0.014288477344431434
uninspired,untrained,1,fc_layers.0,3,0.6,euclidean,corr,0.03905324657187604
uninspired,untrained,1,fc_layers.1,4,0.8,correlation,rho-a,0.05638340832188997
uninspired,untrained,1,fc_layers.1,4,0.8,correlation,tau-a,0.03765520682560095
uninspired,untrained,1,fc_layers.1,4,0.8,correlation,corr,0.014802949731848121
uninspired,untrained,1,fc_layers.1,4,0.8,euclidean,rho-a,0.021428304893329916
uninspired,untrained,1,fc_layers.1,4,0.8,euclidean,tau-a,0.01426397329005144
uninspired,untrained,1,fc_layers.1,4,0.8,euclidean,corr,0.04087447516653597
uninspired,untrained,1,classifier,5,1.0,correlation,rho-a,0.052667004994762824
uninspired,untrained,1,classifier,5,1.0,correlation,tau-a,0.035194403031351296
uninspired,untrained,1,classifier,5,1.0,correlation,corr,0.008758468941946186
uninspired,untrained,1,classifier,5,1.0,euclidean,rho-a,0.02648027781715389
uninspired,untrained,1,classifier,5,1.0,euclidean,tau-a,0.017639265677074776
uninspired,untrained,1,classifier,5,1.0,euclidean,corr,0.044052168086324735
uninspired,untrained,2,conv_layers.0,0,0.0,correlation,rho-a,-0.06781813225241962
uninspired,untrained,2,conv_layers.0,0,0.0,correlation,tau-a,-0.04642769810716473
uninspired,untrained,2,conv_layers.0,0,0.0,correlation,corr,-0.04954547633141198
uninspired,untrained,2,conv_layers.0,0,0.0,euclidean,rho-a,0.05808612386284062
uninspired,untrained,2,conv_layers.0,0,0.0,euclidean,tau-a,0.039032333276573294
uninspired,untrained,2,conv_layers.0,0,0.0,euclidean,corr,0.04309102339120866
uninspired,untrained,2,conv_layers.1,1,0.2,correlation,rho-a,-0.02411226582601795
uninspired,untrained,2,conv_layers.1,1,0.2,correlation,tau-a,-0.01599073744402464
uninspired,untrained,2,conv_layers.1,1,0.2,correlation,corr,-0.02063348396959481
uninspired,untrained,2,conv_layers.1,1,0.2,euclidean,rho-a,0.09216334077678708
uninspired,untrained,2,conv_layers.1,1,0.2,euclidean,tau-a,0.061452641374997695
uninspired,untrained,2,conv_layers.1,1,0.2,euclidean,corr,0.07875472936168004
uninspired,untrained,2,conv_layers.2,2,0.4,correlation,rho-a,0.014273101658662718
uninspired,untrained,2,conv_layers.2,2,0.4,correlation,tau-a,0.009411378936233354
uninspired,untrained,2,conv_layers.2,2,0.4,correlation,corr,0.007344821144315333
uninspired,untrained,2,conv_layers.2,2,0.4,euclidean,rho-a,0.10623731130070108
uninspired,untrained,2,conv_layers.2,2,0.4,euclidean,tau-a,0.07065213506685361
uninspired,untrained,2,conv_layers.2,2,0.4,euclidean,corr,0.08548465298176665
uninspired,untrained,2,fc_layers.0,3,0.6,correlation,rho-a,0.06689684459206767
uninspired,untrained,2,fc_layers.0,3,0.6,correlation,tau-a,0.044641295632940496
uninspired,untrained,2,fc_layers.0,3,0.6,correlation,corr,0.03466030800200507
uninspired,untrained,2,fc_layers.0,3,0.6,euclidean,rho-a,0.03886018087069923
uninspired,untrained,2,fc_layers.0,3,0.6,euclidean,tau-a,0.02587983653896389
uninspired,untrained,2,fc_layers.0,3,0.6,euclidean,corr,0.04596429553489241
uninspired,untrained,2,fc_layers.1,4,0.8,correlation,rho-a,0.06395231710391897
uninspired,untrained,2,fc_layers.1,4,0.8,correlation,tau-a,0.042622695990068765
uninspired,untrained,2,fc_layers.1,4,0.8,correlation,corr,0.03224013438558833
uninspired,untrained,2,fc_layers.1,4,0.8,euclidean,rho-a,0.04103987213669834
uninspired,untrained,2,fc_layers.1,4,0.8,euclidean,tau-a,0.027351370228406266
uninspired,untrained,2,fc_layers.1,4,0.8,euclidean,corr,0.046874238180689504
uninspired,untrained,2,classifier,5,1.0,correlation,rho-a,0.0680180251978521
uninspired,untrained,2,classifier,5,1.0,correlation,tau-a,0.04541922617287627
uninspired,untrained,2,classifier,5,1.0,correlation,corr,0.036398231096925394
uninspired,untrained,2,classifier,5,1.0,euclidean,rho-a,0.04123194676974094
uninspired,untrained,2,classifier,5,1.0,euclidean,tau-a,0.027478602548228676
uninspired,untrained,2,classifier,5,1.0,euclidean,corr,0.045827459096787336
uninspired,untrained,3,conv_layers.0,0,0.0,correlation,rho-a,-0.058714721139100645
uninspired,untrained,3,conv_layers.0,0,0.0,correlation,tau-a,-0.04027272368482597
uninspired,untrained,3,conv_layers.0,0,0.0,correlation,corr,-0.036903939305467426
uninspired,untrained,3,conv_layers.0,0,0.0,euclidean,rho-a,0.0757905173886623
uninspired,untrained,3,conv_layers.0,0,0.0,euclidean,tau-a,0.05053710976151689
uninspired,untrained,3,conv_layers.0,0,0.0,euclidean,corr,0.05421080488793672
uninspired,untrained,3,conv_layers.1,1,0.2,correlation,rho-a,-0.06769372703187894
uninspired,untrained,3,conv_layers.1,1,0.2,correlation,tau-a,-0.045508513860273506
uninspired,untrained,3,conv_layers.1,1,0.2,correlation,corr,-0.050276660576784156
uninspired,untrained,3,conv_layers.1,1,0.2,euclidean,rho-a,0.10652929022886168
uninspired,untrained,3,conv_layers.1,1,0.2,euclidean,tau-a,0.0707229235164082
uninspired,untrained,3,conv_layers.1,1,0.2,euclidean,corr,0.08548034073852488
uninspired,untrained,3,conv_layers.2,2,0.4,correlation,rho-a,-0.010042828070130443
uninspired,untrained,3,conv_layers.2,2,0.4,correlation,tau-a,-0.006650730108405861
uninspired,untrained,3,conv_layers.2,2,0.4,correlation,corr,-0.0070571300016033746
uninspired,untrained,3,conv_layers.2,2,0.4,euclidean,rho-a,0.12885298023839684
uninspired,untrained,3,conv_layers.2,2,0.4,euclidean,tau-a,0.08529748915013494
uninspired,untrained,3,conv_layers.2,2,0.4,euclidean,corr,0.09712899165063828
uninspired,untrained,3,fc_layers.0,3,0.6,correlation,rho-a,0.05918284178190824
uninspired,untrained,3,fc_layers.0,3,0.6,correlation,tau-a,0.03958297073749854
uninspired,untrained,3,fc_layers.0,3,0.6,correlation,corr,0.04294943654747085
uninspired,untrained,3,fc_layers.0,3,0.6,euclidean,rho-a,0.055643502122181575
uninspired,untrained,3,fc_layers.0,3,0.6,euclidean,tau-a,0.0370996301454568
uninspired,untrained,3,fc_layers.0,3,0.6,euclidean,corr,0.05967664089906849
uninspired,untrained,3,fc_layers.1,4,0.8,correlation,rho-a,0.05756724622985865
uninspired,untrained,3,fc_layers.1,4,0.8,correlation,tau-a,0.038519040903208346
uninspired,untrained,3,fc_layers.1,4,0.8,correlation,corr,0.03663283871874913
uninspired,untrained,3,fc_layers.1,4,0.8,euclidean,rho-a,0.05300013770684664
uninspired,untrained,3,fc_layers.1,4,0.8,euclidean,tau-a,0.03535464544832424
uninspired,untrained,3,fc_layers.1,4,0.8,euclidean,corr,0.061590288340488214
uninspired,untrained,3,classifier,5,1.0,correlation,rho-a,0.062984311428476
uninspired,untrained,3,classifier,5,1.0,correlation,tau-a,0.04208323442014049
uninspired,untrained,3,classifier,5,1.0,correlation,corr,0.041442165429048695
uninspired,untrained,3,classifier,5,1.0,euclidean,rho-a,0.05420233964494997
uninspired,untrained,3,classifier,5,1.0,euclidean,tau-a,0.036154576474434694
uninspired,untrained,3,classifier,5,1.0,euclidean,corr,0.06287043107936453
uninspired,untrained,4,conv_layers.0,0,0.0,correlation,rho-a,-0.060916013187992286
uninspired,untrained,4,conv_layers.0,0,0.0,correlation,tau-a,-0.04159722836404413
uninspired,untrained,4,conv_layers.0,0,0.0,correlation,corr,-0.046705862978126504
uninspired,untrained,4,conv_layers.0,0,0.0,euclidean,rho-a,0.06668580105901253
uninspired,untrained,4,conv_layers.0,0,0.0,euclidean,tau-a,0.04457438080528637
uninspired,untrained,4,conv_layers.0,0,0.0,euclidean,corr,0.046075379241927214
uninspired,untrained,4,conv_layers.1,1,0.2,correlation,rho-a,-0.05422591284970041
uninspired,untrained,4,conv_layers.1,1,0.2,correlation,tau-a,-0.036666810276397586
uninspired,untrained,4,conv_layers.1,1,0.2,correlation,corr,-0.047368631859577584
uninspired,untrained,4,conv_layers.1,1,0.2,euclidean,rho-a,0.07452112617662665
uninspired,untrained,4,conv_layers.1,1,0.2,euclidean,tau-a,0.04988984253057171
uninspired,untrained,4,conv_layers.1,1,0.2,euclidean,corr,0.0552161559450678
uninspired,untrained,4,conv_layers.2,2,0.4,correlation,rho-a,-0.012749074240934704
uninspired,untrained,4,conv_layers.2,2,0.4,correlation,tau-a,-0.00851059088041112
uninspired,untrained,4,conv_layers.2,2,0.4,correlation,corr,-0.02030167149832504
uninspired,untrained,4,conv_layers.2,2,0.4,euclidean,rho-a,0.1028279252997135
uninspired,untrained,4,conv_layers.2,2,0.4,euclidean,tau-a,0.0683453346758267
uninspired,untrained,4,conv_layers.2,2,0.4,euclidean,corr,0.08311993321875012
uninspired,untrained,4,fc_layers.0,3,0.6,correlation,rho-a,0.06347134702411067
uninspired,untrained,4,fc_layers.0,3,0.6,correlation,tau-a,0.04277511387816055
uninspired,untrained,4,fc_layers.0,3,0.6,correlation,corr,0.04274340286614586
uninspired,untrained,4,fc_layers.0,3,0.6,euclidean,rho-a,0.07286877371264368
uninspired,untrained,4,fc_layers.0,3,0.6,euclidean,tau-a,0.048746576048458064
uninspired,untrained,4,fc_layers.0,3,0.6,euclidean,corr,0.08934956069037348
uninspired,untrained,4,fc_layers.1,4,0.8,correlation,rho-a,0.05095275102027104
uninspired,untrained,4,fc_layers.1,4,0.8,correlation,tau-a,0.03434639365941586
uninspired,untrained,4,fc_layers.1,4,0.8,correlation,corr,0.031779540476741835
uninspired,untrained,4,fc_layers.1,4,0.8,euclidean,rho-a,0.07728358080459158
uninspired,untrained,4,fc_layers.1,4,0.8,euclidean,tau-a,0.0517848211746431
uninspired,untrained,4,fc_layers.1,4,0.8,euclidean,corr,0.08929569603275721
uninspired,untrained,4,classifier,5,1.0,correlation,rho-a,0.04007050393395565
uninspired,untrained,4,classifier,5,1.0,correlation,tau-a,0.026942761667210987
uninspired,untrained,4,classifier,5,1.0,correlation,corr,0.02200400436403546
uninspired,untrained,4,classifier,5,1.0,euclidean,rho-a,0.08103742736904214
uninspired,untrained,4,classifier,5,1.0,euclidean,tau-a,0.05422500858824599
uninspired,untrained,4,classifier,5,1.0,euclidean,corr,0.0908034539476252
uninspired,trained,0,conv_layers.0,0,0.0,correlation,rho-a,-0.0491076558204601
uninspired,trained,0,conv_layers.0,0,0.0,correlation,tau-a,-0.03361490676875942
uninspired,trained,0,conv_layers.0,0,0.0,correlation,corr,-0.027489717077632907
uninspired,trained,0,conv_layers.0,0,0.0,euclidean,rho-a,0.07120403869399532
uninspired,trained,0,conv_layers.0,0,0.0,euclidean,tau-a,0.04767054056023589
uninspired,trained,0,conv_layers.0,0,0.0,euclidean,corr,0.05952838417104615
uninspired,trained,0,conv_layers.1,1,0.2,correlation,rho-a,-0.013427031836995531
uninspired,trained,0,conv_layers.1,1,0.2,correlation,tau-a,-0.008905730759895668
uninspired,trained,0,conv_layers.1,1,0.2,correlation,corr,-0.0029236553941874846
uninspired,trained,0,conv_layers.1,1,0.2,euclidean,rho-a,0.11406045342507311
uninspired,trained,0,conv_layers.1,1,0.2,euclidean,tau-a,0.07580703352498441
uninspired,trained,0,conv_layers.1,1,0.2,euclidean,corr,0.09752434087563794
uninspired,trained,0,conv_layers.2,2,0.4,correlation,rho-a,0.006247547944288782
uninspired,trained,0,conv_layers.2,2,0.4,correlation,tau-a,0.004237437902726113
uninspired,trained,0,conv_layers.2,2,0.4,correlation,corr,0.01375007192415189
uninspired,trained,0,conv_layers.2,2,0.4,euclidean,rho-a,0.11208254275364865
uninspired,trained,0,conv_layers.2,2,0.4,euclidean,tau-a,0.07432357217149183
uninspired,trained,0,conv_layers.2,2,0.4,euclidean,corr,0.09015546699144464
uninspired,trained,0,fc_layers.0,3,0.6,correlation,rho-a,0.012920666101568314
uninspired,trained,0,fc_layers.0,3,0.6,correlation,tau-a,0.008432338565683152
uninspired,trained,0,fc_layers.0,3,0.6,correlation,corr,0.00759498821729545
uninspired,trained,0,fc_layers.0,3,0.6,euclidean,rho-a,-0.0042282380646666605
uninspired,trained,0,fc_layers.0,3,0.6,euclidean,tau-a,-0.00286381738403006
uninspired,trained,0,fc_layers.0,3,0.6,euclidean,corr,-0.015578721820466318
uninspired,trained,0,fc_layers.1,4,0.8,correlation,rho-a,0.02537272074374012
uninspired,trained,0,fc_layers.1,4,0.8,correlation,tau-a,0.016697298725317968
uninspired,trained,0,fc_layers.1,4,0.8,correlation,corr,0.022539338865513864
uninspired,trained,0,fc_layers.1,4,0.8,euclidean,rho-a,-0.030565512090079704
uninspired,trained,0,fc_layers.1,4,0.8,euclidean,tau-a,-0.020434809889616202
uninspired,trained,0,fc_layers.1,4,0.8,euclidean,corr,-0.03773247090515691
uninspired,trained,0,classifier,5,1.0,correlation,rho-a,0.024141301367703608
uninspired,trained,0,classifier,5,1.0,correlation,tau-a,0.01581600056154871
uninspired,trained,0,classifier,5,1.0,correlation,corr,0.012774108168586228
uninspired,trained,0,classifier,5,1.0,euclidean,rho-a,-0.033127092220354176
uninspired,trained,0,classifier,5,1.0,euclidean,tau-a,-0.022058578793324343
uninspired,trained,0,classifier,5,1.0,euclidean,corr,-0.0445520475277129
uninspired,trained,1,conv_layers.0,0,0.0,correlation,rho-a,-0.0547554859900269
uninspired,trained,1,conv_layers.0,0,0.0,correlation,tau-a,-0.037519262369460696
uninspired,trained,1,conv_layers.0,0,0.0,correlation,corr,-0.027979278552689585
uninspired,trained,1,conv_layers.0,0,0.0,euclidean,rho-a,0.069792617389172
uninspired,trained,1,conv_layers.0,0,0.0,euclidean,tau-a,0.04659959417744885
uninspired,trained,1,conv_layers.0,0,0.0,euclidean,corr,0.054487618413433636
uninspired,trained,1,conv_layers.1,1,0.2,correlation,rho-a,-0.024760118696024958
uninspired,trained,1,conv_layers.1,1,0.2,correlation,tau-a,-0.01654389955090436
uninspired,trained,1,conv_layers.1,1,0.2,correlation,corr,-0.013414481204041795
uninspired,trained,1,conv_layers.1,1,0.2,euclidean,rho-a,0.09441385952743847
uninspired,trained,1,conv_layers.1,1,0.2,euclidean,tau-a,0.06269669462765927
uninspired,trained,1,conv_layers.1,1,0.2,euclidean,corr,0.07933482447318617
uninspired,trained,1,conv_layers.2,2,0.4,correlation,rho-a,-9.530062617884436e-05
uninspired,trained,1,conv_layers.2,2,0.4,correlation,tau-a,-9.54751777606027e-05
uninspired,trained,1,conv_layers.2,2,0.4,correlation,corr,0.009268612442622729
uninspired,trained,1,conv_layers.2,2,0.4,euclidean,rho-a,0.10328100691367337
uninspired,trained,1,conv_layers.2,2,0.4,euclidean,tau-a,0.06838508965270718
uninspired,trained,1,conv_layers.2,2,0.4,euclidean,corr,0.08130755491358273
uninspired,trained,1,fc_layers.0,3,0.6,correlation,rho-a,0.028735311692755984
uninspired,trained,1,fc_layers.0,3,0.6,correlation,tau-a,0.019093623342927083
uninspired,trained,1,fc_layers.0,3,0.6,correlation,corr,0.024944726243709806
uninspired,trained,1,fc_layers.0,3,0.6,euclidean,rho-a,0.020324205037256838
uninspired,trained,1,fc_layers.0,3,0.6,euclidean,tau-a,0.013471426502062
uninspired,trained,1,fc_layers.0,3,0.6,euclidean,corr,0.009441410515895254
uninspired,trained,1,fc_layers.1,4,0.8,correlation,rho-a,0.02911304708019985
uninspired,trained,1,fc_layers.1,4,0.8,correlation,tau-a,0.019304536668871213
uninspired,trained,1,fc_layers.1,4,0.8,correlation,corr,0.028424418962271287
uninspired,trained,1,fc_layers.1,4,0.8,euclidean,rho-a,-0.009177038534705622
uninspired,trained,1,fc_layers.1,4,0.8,euclidean,tau-a,-0.00612351705270939
uninspired,trained,1,fc_layers.1,4,0.8,euclidean,corr,-0.01920827395808362
uninspired,trained,1,classifier,5,1.0,correlation,rho-a,0.020008640443539966
uninspired,trained,1,classifier,5,1.0,correlation,tau-a,0.013159288456781916
uninspired,trained,1,classifier,5,1.0,correlation,corr,0.011635255288988263
uninspired,trained,1,classifier,5,1.0,euclidean,rho-a,-0.02283061856185177
uninspired,trained,1,classifier,5,1.0,euclidean,tau-a,-0.0151611828124614
uninspired,trained,1,classifier,5,1.0,euclidean,corr,-0.033254014258302954
uninspired,trained,2,conv_layers.0,0,0.0,correlation,rho-a,-0.05171655703251697
uninspired,trained,2,conv_layers.0,0,0.0,correlation,tau-a,-0.03540002584225725
uninspired,trained,2,conv_layers.0,0,0.0,correlation,corr,-0.02571751848474501
uninspired,trained,2,conv_layers.0,0,0.0,euclidean,rho-a,0.08003665829424728
uninspired,trained,2,conv_layers.0,0,0.0,euclidean,tau-a,0.05335202676750487
uninspired,trained,2,conv_layers.0,0,0.0,euclidean,corr,0.06267355278652764
uninspired,trained,2,conv_layers.1,1,0.2,correlation,rho-a,-0.02140851713822413
uninspired,trained,2,conv_layers.1,1,0.2,correlation,tau-a,-0.014239078126325995
uninspired,trained,2,conv_layers.1,1,0.2,correlation,corr,-0.010629257960317455
uninspired,trained,2,conv_layers.1,1,0.2,euclidean,rho-a,0.10778749016963347
uninspired,trained,2,conv_layers.1,1,0.2,euclidean,tau-a,0.07143106797086037
uninspired,trained,2,conv_layers.1,1,0.2,euclidean,corr,0.08748097158950456
uninspired,trained,2,conv_layers.2,2,0.4,correlation,rho-a,0.012451937216769352
uninspired,trained,2,conv_layers.2,2,0.4,correlation,tau-a,0.008258503342476674
uninspired,trained,2,conv_layers.2,2,0.4,correlation,corr,0.01829309211891286
uninspired,trained,2,conv_layers.2,2,0.4,euclidean,rho-a,0.08870423895098756
uninspired,trained,2,conv_layers.2,2,0.4,euclidean,tau-a,0.058684627044826215
uninspired,trained,2,conv_layers.2,2,0.4,euclidean,corr,0.06736282745287794
uninspired,trained,2,fc_layers.0,3,0.6,correlation,rho-a,0.03349710627478025
uninspired,trained,2,fc_layers.0,3,0.6,correlation,tau-a,0.02207145261411444
uninspired,trained,2,fc_layers.0,3,0.6,correlation,corr,0.02263639345476154
uninspired,trained,2,fc_layers.0,3,0.6,euclidean,rho-a,-0.008586624244745579
uninspired,trained,2,fc_layers.0,3,0.6,euclidean,tau-a,-0.00590556844249139
uninspired,trained,2,fc_layers.0,3,0.6,euclidean,corr,-0.02594982208347732
uninspired,trained,2,fc_layers.1,4,0.8,correlation,rho-a,0.03575948806977373
uninspired,trained,2,fc_layers.1,4,0.8,correlation,tau-a,0.023485059964931686
uninspired,trained,2,fc_layers.1,4,0.8,correlation,corr,0.02866750644074749
uninspired,trained,2,fc_layers.1,4,0.8,euclidean,rho-a,-0.03386950939815685
uninspired,trained,2,fc_layers.1,4,0.8,euclidean,tau-a,-0.022771873244486967
uninspired,trained,2,fc_layers.1,4,0.8,euclidean,corr,-0.04601987185321781
uninspired,trained,2,classifier,5,1.0,correlation,rho-a,0.0323345355766905
uninspired,trained,2,classifier,5,1.0,correlation,tau-a,0.02109870278070126
uninspired,trained,2,classifier,5,1.0,correlation,corr,0.013454835187360202
uninspired,trained,2,classifier,5,1.0,euclidean,rho-a,-0.03785161977379355
uninspired,trained,2,classifier,5,1.0,euclidean,tau-a,-0.02528766186036842
uninspired,trained,2,classifier,5,1.0,euclidean,corr,-0.051034655085709785
uninspired,trained,3,conv_layers.0,0,0.0,correlation,rho-a,-0.04252614139798316
uninspired,trained,3,conv_layers.0,0,0.0,correlation,tau-a,-0.029014531103314967
uninspired,trained,3,conv_layers.0,0,0.0,correlation,corr,-0.023041579785206507
uninspired,trained,3,conv_layers.0,0,0.0,euclidean,rho-a,0.06644575040889664
uninspired,trained,3,conv_layers.0,0,0.0,euclidean,tau-a,0.0444019952628274
uninspired,trained,3,conv_layers.0,0,0.0,euclidean,corr,0.05393539974570414
uninspired,trained,3,conv_layers.1,1,0.2,correlation,rho-a,-0.004852753158217025
uninspired,trained,3,conv_layers.1,1,0.2,correlation,tau-a,-0.003177121731430112
uninspired,trained,3,conv_layers.1,1,0.2,correlation,corr,0.006544518135964618
uninspired,trained,3,conv_layers.1,1,0.2,euclidean,rho-a,0.1015448118288485
uninspired,trained,3,conv_layers.1,1,0.2,euclidean,tau-a,0.06747941390105286
uninspired,trained,3,conv_layers.1,1,0.2,euclidean,corr,0.09120190072416598
uninspired,trained,3,conv_layers.2,2,0.4,correlation,rho-a,0.014378383907129425
uninspired,trained,3,conv_layers.2,2,0.4,correlation,tau-a,0.009771871680049586
uninspired,trained,3,conv_layers.2,2,0.4,correlation,corr,0.016123525672295476
uninspired,trained,3,conv_layers.2,2,0.4,euclidean,rho-a,0.11549799833974475
uninspired,trained,3,conv_layers.2,2,0.4,euclidean,tau-a,0.07671087785443427
uninspired,trained,3,conv_layers.2,2,0.4,euclidean,corr,0.09911916001322406
uninspired,trained,3,fc_layers.0,3,0.6,correlation,rho-a,0.031832065797153794
uninspired,trained,3,fc_layers.0,3,0.6,correlation,tau-a,0.02110158106444713
uninspired,trained,3,fc_layers.0,3,0.6,correlation,corr,0.02585508693495507
uninspired,trained,3,fc_layers.0,3,0.6,euclidean,rho-a,0.010283604926879108
uninspired,trained,3,fc_layers.0,3,0.6,euclidean,tau-a,0.006712848577140922
uninspired,trained,3,fc_layers.0,3,0.6,euclidean,corr,-0.002226518934367003
uninspired,trained,3,fc_layers.1,4,0.8,correlation,rho-a,0.037203526406782574
uninspired,trained,3,fc_layers.1,4,0.8,correlation,tau-a,0.024509176273038204
uninspired,trained,3,fc_layers.1,4,0.8,correlation,corr,0.031772307154309766
uninspired,trained,3,fc_layers.1,4,0.8,euclidean,rho-a,-0.02742529484599367
uninspired,trained,3,fc_layers.1,4,0.8,euclidean,tau-a,-0.018422643644181325
uninspired,trained,3,fc_layers.1,4,0.8,euclidean,corr,-0.03499414068168496
uninspired,trained,3,classifier,5,1.0,correlation,rho-a,0.034174810054702916
uninspired,trained,3,classifier,5,1.0,correlation,tau-a,0.02238359534333878
uninspired,trained,3,classifier,5,1.0,correlation,corr,0.02310258419586627
uninspired,trained,3,classifier,5,1.0,euclidean,rho-a,-0.02708641268674099
uninspired,trained,3,classifier,5,1.0,euclidean,tau-a,-0.01813577313619511
uninspired,trained,3,classifier,5,1.0,euclidean,corr,-0.035911761455378666
uninspired,trained,4,conv_layers.0,0,0.0,correlation,rho-a,-0.05610254103765752
uninspired,trained,4,conv_layers.0,0,0.0,correlation,tau-a,-0.038349938805673466
uninspired,trained,4,conv_layers.0,0,0.0,correlation,corr,-0.030159333969247762
uninspired,trained,4,conv_layers.0,0,0.0,euclidean,rho-a,0.07547319178807786
uninspired,trained,4,conv_layers.0,0,0.0,euclidean,tau-a,0.050329643818545836
uninspired,trained,4,conv_layers.0,0,0.0,euclidean,corr,0.05781408748536962
uninspired,trained,4,conv_layers.1,1,0.2,correlation,rho-a,-0.016937575811311743
uninspired,trained,4,conv_layers.1,1,0.2,correlation,tau-a,-0.011227875752308193
uninspired,trained,4,conv_layers.1,1,0.2,correlation,corr,-0.0013001997852234216
uninspired,trained,4,conv_layers.1,1,0.2,euclidean,rho-a,0.12153437308338966
uninspired,trained,4,conv_layers.1,1,0.2,euclidean,tau-a,0.08067738236950829
uninspired,trained,4,conv_layers.1,1,0.2,euclidean,corr,0.10738917051192778
uninspired,trained,4,conv_layers.2,2,0.4,correlation,rho-a,0.029576951343237845
uninspired,trained,4,conv_layers.2,2,0.4,correlation,tau-a,0.019764453155456614
uninspired,trained,4,conv_layers.2,2,0.4,correlation,corr,0.04151561828195097
uninspired,trained,4,conv_layers.2,2,0.4,euclidean,rho-a,0.10084295508358886
uninspired,trained,4,conv_layers.2,2,0.4,euclidean,tau-a,0.06696065302276796
uninspired,trained,4,conv_layers.2,2,0.4,euclidean,corr,0.08699145190087577
uninspired,trained,4,fc_layers.0,3,0.6,correlation,rho-a,0.025633157007033284
uninspired,trained,4,fc_layers.0,3,0.6,correlation,tau-a,0.01690305034469099
uninspired,trained,4,fc_layers.0,3,0.6,correlation,corr,0.014929575552472298
uninspired,trained,4,fc_layers.0,3,0.6,euclidean,rho-a,-0.0011156091656106277
uninspired,trained,4,fc_layers.0,3,0.6,euclidean,tau-a,-0.0008285475835480055
uninspired,trained,4,fc_layers.0,3,0.6,euclidean,corr,-0.01194912159411786
uninspired,trained,4,fc_layers.1,4,0.8,correlation,rho-a,0.03747948290781101
uninspired,trained,4,fc_layers.1,4,0.8,correlation,tau-a,0.0247146047002575
uninspired,trained,4,fc_layers.1,4,0.8,correlation,corr,0.030294473428249126
uninspired,trained,4,fc_layers.1,4,0.8,euclidean,rho-a,-0.038810165795807185
uninspired,trained,4,fc_layers.1,4,0.8,euclidean,tau-a,-0.025961667387104134
uninspired,trained,4,fc_layers.1,4,0.8,euclidean,corr,-0.048517214626017074
uninspired,trained,4,classifier,5,1.0,correlation,rho-a,0.03240117335401149
uninspired,trained,4,classifier,5,1.0,correlation,tau-a,0.021238249189975075
uninspired,trained,4,classifier,5,1.0,correlation,corr,0.017157389191586325
uninspired,trained,4,classifier,5,1.0,euclidean,rho-a,-0.04604580213690313
uninspired,trained,4,classifier,5,1.0,euclidean,tau-a,-0.030690254316720685
uninspired,trained,4,classifier,5,1.0,euclidean,corr,-0.05753304298398929
inspired,untrained,0,conv_layers.0,0,0.0,correlation,rho-a,-0.03413729124181593
inspired,untrained,0,conv_layers.0,0,0.0,correlation,tau-a,-0.023236616535629112
inspired,untrained,0,conv_layers.0,0,0.0,correlation,corr,-0.01351785647940671
inspired,untrained,0,conv_layers.0,0,0.0,euclidean,rho-a,0.06455961313687598
inspired,untrained,0,conv_layers.0,0,0.0,euclidean,tau-a,0.04311794112621187
inspired,untrained,0,conv_layers.0,0,0.0,euclidean,corr,0.05112884935413075
inspired,untrained,0,conv_layers.1,1,0.25,correlation,rho-a,-0.021674392955436658
inspired,untrained,0,conv_layers.1,1,0.25,correlation,tau-a,-0.015038126228944019
inspired,untrained,0,conv_layers.1,1,0.25,correlation,corr,-0.006276150104879696
inspired,untrained,0,conv_layers.1,1,0.25,euclidean,rho-a,0.06516215663626235
inspired,untrained,0,conv_layers.1,1,0.25,euclidean,tau-a,0.043547187145803065
inspired,untrained,0,conv_layers.1,1,0.25,euclidean,corr,0.049504700362155485
inspired,untrained,0,conv_layers.2,2,0.5,correlation,rho-a,-0.008379541548635216
inspired,untrained,0,conv_layers.2,2,0.5,correlation,tau-a,-0.0057050277111041735
inspired,untrained,0,conv_layers.2,2,0.5,correlation,corr,-0.006260716514635153
inspired,untrained,0,conv_layers.2,2,0.5,euclidean,rho-a,0.0858011958704514
inspired,untrained,0,conv_layers.2,2,0.5,euclidean,tau-a,0.05722129962572194
inspired,untrained,0,conv_layers.2,2,0.5,euclidean,corr,0.06476810672686431
inspired,untrained,0,rnn,3,0.75,correlation,rho-a,0.09928051876291863
inspired,untrained,0,rnn,3,0.75,correlation,tau-a,0.06661210199483472
inspired,untrained,0,rnn,3,0.75,correlation,corr,0.07766460577150887
inspired,untrained,0,rnn,3,0.75,euclidean,rho-a,0.009834869841716666
inspired,untrained,0,rnn,3,0.75,euclidean,tau-a,0.006557866229568483
inspired,untrained,0,rnn,3,0.75,euclidean,corr,0.01488590401159865
inspired,untrained,0,classifier,4,1.0,correlation,rho-a,0.0908596266469015
inspired,untrained,0,classifier,4,1.0,correlation,tau-a,0.06084798866890183
inspired,untrained,0,classifier,4,1.0,correlation,corr,0.07036433989572217
inspired,untrained,0,classifier,4,1.0,euclidean,rho-a,0.014318515527910865
inspired,untrained,0,classifier,4,1.0,euclidean,tau-a,0.00958358414683843
inspired,untrained,0,classifier,4,1.0,euclidean,corr,0.021469073802736282
inspired,untrained,1,conv_layers.0,0,0.0,correlation,rho-a,0.02568277052162346
inspired,untrained,1,conv_layers.0,0,0.0,correlation,tau-a,0.017112607668772747
inspired,untrained,1,conv_layers.0,0,0.0,correlation,corr,0.03132756913790299
inspired,untrained,1,conv_layers.0,0,0.0,euclidean,rho-a,0.0458468267655426
inspired,untrained,1,conv_layers.0,0,0.0,euclidean,tau-a,0.030359961303500844
inspired,untrained,1,conv_layers.0,0,0.0,euclidean,corr,0.02971154518300615
inspired,untrained,1,conv_layers.1,1,0.25,correlation,rho-a,0.00987610204546794
inspired,untrained,1,conv_layers.1,1,0.25,correlation,tau-a,0.0065870823318709215
inspired,untrained,1,conv_layers.1,1,0.25,correlation,corr,0.011093218958324142
inspired,untrained,1,conv_layers.1,1,0.25,euclidean,rho-a,0.0410746733584814
inspired,untrained,1,conv_layers.1,1,0.25,euclidean,tau-a,0.027213821521358022
inspired,untrained,1,conv_layers.1,1,0.25,euclidean,corr,0.014992280932452865
inspired,untrained,1,conv_layers.2,2,0.5,correlation,rho-a,0.027516488495520908
inspired,untrained,1,conv_layers.2,2,0.5,correlation,tau-a,0.018426863877956796
inspired,untrained,1,conv_layers.2,2,0.5,correlation,corr,0.026683676120359257
inspired,untrained,1,conv_layers.2,2,0.5,euclidean,rho-a,0.03501358717848171
inspired,untrained,1,conv_layers.2,2,0.5,euclidean,tau-a,0.023147968206622946
inspired,untrained,1,conv_layers.2,2,0.5,euclidean,corr,0.0038595145349343022
inspired,untrained,1,rnn,3,0.75,correlation,rho-a,0.09919722229695843
inspired,untrained,1,rnn,3,0.75,correlation,tau-a,0.06613065575847245
inspired,untrained,1,rnn,3,0.75,correlation,corr,0.0776528193112225
inspired,untrained,1,rnn,3,0.75,euclidean,rho-a,-0.025348225946805518
inspired,untrained,1,rnn,3,0.75,euclidean,tau-a,-0.016834917691530064
inspired,untrained,1,rnn,3,0.75,euclidean,corr,-0.0381223609432373
inspired,untrained,1,classifier,4,1.0,correlation,rho-a,0.07686605927326429
inspired,untrained,1,classifier,4,1.0,correlation,tau-a,0.05141921356369833
inspired,untrained,1,classifier,4,1.0,correlation,corr,0.049142677950930115
inspired,untrained,1,classifier,4,1.0,euclidean,rho-a,0.002764355513111438
inspired,untrained,1,classifier,4,1.0,euclidean,tau-a,0.001906681478797269
inspired,untrained,1,classifier,4,1.0,euclidean,corr,-0.01290175892274961
inspired,untrained,2,conv_layers.0,0,0.0,correlation,rho-a,-0.013155953983453374
inspired,untrained,2,conv_layers.0,0,0.0,correlation,tau-a,-0.009080966482434961
inspired,untrained,2,conv_layers.0,0,0.0,correlation,corr,-0.004631570920739987
inspired,untrained,2,conv_layers.0,0,0.0,euclidean,rho-a,0.038526809984486945
inspired,untrained,2,conv_layers.0,0,0.0,euclidean,tau-a,0.02583684261462977
inspired,untrained,2,conv_layers.0,0,0.0,euclidean,corr,0.023901215669889793
inspired,untrained,2,conv_layers.1,1,0.25,correlation,rho-a,-0.06767396827174696
inspired,untrained,2,conv_layers.1,1,0.25,correlation,tau-a,-0.04589091809532353
inspired,untrained,2,conv_layers.1,1,0.25,correlation,corr,-0.055672782657109295
inspired,untrained,2,conv_layers.1,1,0.25,euclidean,rho-a,0.08816045675080503
inspired,untrained,2,conv_layers.1,1,0.25,euclidean,tau-a,0.05899154249225985
inspired,untrained,2,conv_layers.1,1,0.25,euclidean,corr,0.07299324337990488
inspired,untrained,2,conv_layers.2,2,0.5,correlation,rho-a,-0.017671118397201376
inspired,untrained,2,conv_layers.2,2,0.5,correlation,tau-a,-0.01181608078814594
inspired,untrained,2,conv_layers.2,2,0.5,correlation,corr,-0.02388753249058527
inspired,untrained,2,conv_layers.2,2,0.5,euclidean,rho-a,0.10489101795784445
inspired,untrained,2,conv_layers.2,2,0.5,euclidean,tau-a,0.06999832670775366
inspired,untrained,2,conv_layers.2,2,0.5,euclidean,corr,0.08246348960613362
inspired,untrained,2,rnn,3,0.75,correlation,rho-a,0.06032386947013349
inspired,untrained,2,rnn,3,0.75,correlation,tau-a,0.04028551085264732
inspired,untrained,2,rnn,3,0.75,correlation,corr,0.05121073308785664
inspired,untrained,2,rnn,3,0.75,euclidean,rho-a,0.029478646009771445
inspired,untrained,2,rnn,3,0.75,euclidean,tau-a,0.019704250419922627
inspired,untrained,2,rnn,3,0.75,euclidean,corr,0.02717604063132571
inspired,untrained,2,classifier,4,1.0,correlation,rho-a,0.05051054819455056
inspired,untrained,2,classifier,4,1.0,correlation,tau-a,0.03363605243510721
inspired,untrained,2,classifier,4,1.0,correlation,corr,0.05150048392982345
inspired,untrained,2,classifier,4,1.0,euclidean,rho-a,0.043077424550920534
inspired,untrained,2,classifier,4,1.0,euclidean,tau-a,0.02875362838228903
inspired,untrained,2,classifier,4,1.0,euclidean,corr,0.04058010461854292
inspired,untrained,3,conv_layers.0,0,0.0,correlation,rho-a,-0.033468013356505774
inspired,untrained,3,conv_layers.0,0,0.0,correlation,tau-a,-0.02281990475086939
inspired,untrained,3,conv_layers.0,0,0.0,correlation,corr,-0.013858983026254353
inspired,untrained,3,conv_layers.0,0,0.0,euclidean,rho-a,0.07225988618119061
inspired,untrained,3,conv_layers.0,0,0.0,euclidean,tau-a,0.048152176496340564
inspired,untrained,3,conv_layers.0,0,0.0,euclidean,corr,0.05683556537303515
inspired,untrained,3,conv_layers.1,1,0.25,correlation,rho-a,-0.047468172254360105
inspired,untrained,3,conv_layers.1,1,0.25,correlation,tau-a,-0.032537889994215426
inspired,untrained,3,conv_layers.1,1,0.25,correlation,corr,-0.02144741238963728
inspired,untrained,3,conv_layers.1,1,0.25,euclidean,rho-a,0.07393759220615409
inspired,untrained,3,conv_layers.1,1,0.25,euclidean,tau-a,0.049337209709393016
inspired,untrained,3,conv_layers.1,1,0.25,euclidean,corr,0.05853578075651207
inspired,untrained,3,conv_layers.2,2,0.5,correlation,rho-a,-0.020457560834463328
inspired,untrained,3,conv_layers.2,2,0.5,correlation,tau-a,-0.013598729081048264
inspired,untrained,3,conv_layers.2,2,0.5,correlation,corr,-0.025032632741966078
inspired,untrained,3,conv_layers.2,2,0.5,euclidean,rho-a,0.11827019131111896
inspired,untrained,3,conv_layers.2,2,0.5,euclidean,tau-a,0.07862534639055864
inspired,untrained,3,conv_layers.2,2,0.5,euclidean,corr,0.09176483961146395
inspired,untrained,3,rnn,3,0.75,correlation,rho-a,0.08249776679936313
inspired,untrained,3,rnn,3,0.75,correlation,tau-a,0.05521832327891911
inspired,untrained,3,rnn,3,0.75,correlation,corr,0.06258602617853434
inspired,untrained,3,rnn,3,0.75,euclidean,rho-a,0.0215987042125644
inspired,untrained,3,rnn,3,0.75,euclidean,tau-a,0.01433627465360101
inspired,untrained,3,rnn,3,0.75,euclidean,corr,0.006515748356819899
inspired,untrained,3,classifier,4,1.0,correlation,rho-a,0.08622415546582093
inspired,untrained,3,classifier,4,1.0,correlation,tau-a,0.05780989577090514
inspired,untrained,3,classifier,4,1.0,correlation,corr,0.08131100483689589
inspired,untrained,3,classifier,4,1.0,euclidean,rho-a,0.04673215088882379
inspired,untrained,3,classifier,4,1.0,euclidean,tau-a,0.03112632952703845
inspired,untrained,3,classifier,4,1.0,euclidean,corr,0.03154051026158457
inspired,untrained,4,conv_layers.0,0,0.0,correlation,rho-a,-0.03854918641654646
inspired,untrained,4,conv_layers.0,0,0.0,correlation,tau-a,-0.026504885480326444
inspired,untrained,4,conv_layers.0,0,0.0,correlation,corr,-0.021685451559654883
inspired,untrained,4,conv_layers.0,0,0.0,euclidean,rho-a,0.0734166982941192
inspired,untrained,4,conv_layers.0,0,0.0,euclidean,tau-a,0.04891615356633502
inspired,untrained,4,conv_layers.0,0,0.0,euclidean,corr,0.059921960848122076
inspired,untrained,4,conv_layers.1,1,0.25,correlation,rho-a,-0.06477322217575976
inspired,untrained,4,conv_layers.1,1,0.25,correlation,tau-a,-0.044260170114672606
inspired,untrained,4,conv_layers.1,1,0.25,correlation,corr,-0.051186835759486356
inspired,untrained,4,conv_layers.1,1,0.25,euclidean,rho-a,0.0726561097760485
inspired,untrained,4,conv_layers.1,1,0.25,euclidean,tau-a,0.04845089269935249
inspired,untrained,4,conv_layers.1,1,0.25,euclidean,corr,0.06421188819593346
inspired,untrained,4,conv_layers.2,2,0.5,correlation,rho-a,-0.05968276232849477
inspired,untrained,4,conv_layers.2,2,0.5,correlation,tau-a,-0.04007708001715935
inspired,untrained,4,conv_layers.2,2,0.5,correlation,corr,-0.06369432843946594
inspired,untrained,4,conv_layers.2,2,0.5,euclidean,rho-a,0.05666844993749348
inspired,untrained,4,conv_layers.2,2,0.5,euclidean,tau-a,0.03768547447338907
inspired,untrained,4,conv_layers.2,2,0.5,euclidean,corr,0.04533023302473478
inspired,untrained,4,rnn,3,0.75,correlation,rho-a,0.06609734830277147
inspired,untrained,4,rnn,3,0.75,correlation,tau-a,0.04425463603453307
inspired,untrained,4,rnn,3,0.75,correlation,corr,0.06742192851214979
inspired,untrained,4,rnn,3,0.75,euclidean,rho-a,-0.0028646377163071076
inspired,untrained,4,rnn,3,0.75,euclidean,tau-a,-0.002090324881277704
inspired,untrained,4,rnn,3,0.75,euclidean,corr,-0.021204619753468365
inspired,untrained,4,classifier,4,1.0,correlation,rho-a,0.06617005066381067
inspired,untrained,4,classifier,4,1.0,correlation,tau-a,0.04422278755555825
inspired,untrained,4,classifier,4,1.0,correlation,corr,0.05955899725142218
inspired,untrained,4,classifier,4,1.0,euclidean,rho-a,0.004952693064695989
inspired,untrained,4,classifier,4,1.0,euclidean,tau-a,0.0031508401202046234
inspired,untrained,4,classifier,4,1.0,euclidean,corr,-0.01373588480182292
inspired,trained,0,conv_layers.0,0,0.0,correlation,rho-a,-0.06794682982643271
inspired,trained,0,conv_layers.0,0,0.0,correlation,tau-a,-0.04572361931632756
inspired,trained,0,conv_layers.0,0,0.0,correlation,corr,-0.051572390744365905
inspired,trained,0,conv_layers.0,0,0.0,euclidean,rho-a,0.09612498590154081
inspired,trained,0,conv_layers.0,0,0.0,euclidean,tau-a,0.06403875941389656
inspired,trained,0,conv_layers.0,0,0.0,euclidean,corr,0.08926811062808883
inspired,trained,0,conv_layers.1,1,0.25,correlation,rho-a,-0.01853437947873577
inspired,trained,0,conv_layers.1,1,0.25,correlation,tau-a,-0.012307379701252601
inspired,trained,0,conv_layers.1,1,0.25,correlation,corr,-0.008284385618824493
inspired,trained,0,conv_layers.1,1,0.25,euclidean,rho-a,0.12837978850558585
inspired,trained,0,conv_layers.1,1,0.25,euclidean,tau-a,0.08518679583748366
inspired,trained,0,conv_layers.1,1,0.25,euclidean,corr,0.11320056749346923
inspired,trained,0,conv_layers.2,2,0.5,correlation,rho-a,0.01385857774903672
inspired,trained,0,conv_layers.2,2,0.5,correlation,tau-a,0.00921670484502791
inspired,trained,0,conv_layers.2,2,0.5,correlation,corr,0.00698195443854697
inspired,trained,0,conv_layers.2,2,0.5,euclidean,rho-a,0.12111763093510208
inspired,trained,0,conv_layers.2,2,0.5,euclidean,tau-a,0.08048774820232327
inspired,trained,0,conv_layers.2,2,0.5,euclidean,corr,0.09669162161916249
inspired,trained,0,rnn,3,0.75,correlation,rho-a,0.02681590613154179
inspired,trained,0,rnn,3,0.75,correlation,tau-a,0.017603908923851535
inspired,trained,0,rnn,3,0.75,correlation,corr,0.02535419695746546
inspired,trained,0,rnn,3,0.75,euclidean,rho-a,-0.03434734771683377
inspired,trained,0,rnn,3,0.75,euclidean,tau-a,-0.02311345222139382
inspired,trained,0,rnn,3,0.75,euclidean,corr,-0.03865240261256764
inspired,trained,0,classifier,4,1.0,correlation,rho-a,0.039756279225112386
inspired,trained,0,classifier,4,1.0,correlation,tau-a,0.026059779625481373
inspired,trained,0,classifier,4,1.0,correlation,corr,0.02804836453775844
inspired,trained,0,classifier,4,1.0,euclidean,rho-a,-0.025186796809448842
inspired,trained,0,classifier,4,1.0,euclidean,tau-a,-0.017063838441169862
inspired,trained,0,classifier,4,1.0,euclidean,corr,-0.03985726018765207
inspired,trained,1,conv_layers.0,0,0.0,correlation,rho-a,-0.06951515961323271
inspired,trained,1,conv_layers.0,0,0.0,correlation,tau-a,-0.047281681849999854
inspired,trained,1,conv_layers.0,0,0.0,correlation,corr,-0.05091199812736891
inspired,trained,1,conv_layers.0,0,0.0,euclidean,rho-a,0.0762359515359912
inspired,trained,1,conv_layers.0,0,0.0,euclidean,tau-a,0.05074274428228348
inspired,trained,1,conv_layers.0,0,0.0,euclidean,corr,0.0665599333242921
inspired,trained,1,conv_layers.1,1,0.25,correlation,rho-a,-0.03080897981330407
inspired,trained,1,conv_layers.1,1,0.25,correlation,tau-a,-0.02055569546497051
inspired,trained,1,conv_layers.1,1,0.25,correlation,corr,-0.04005112616258618
inspired,trained,1,conv_layers.1,1,0.25,euclidean,rho-a,0.10267290010485744
inspired,trained,1,conv_layers.1,1,0.25,euclidean,tau-a,0.06800717263625526
inspired,trained,1,conv_layers.1,1,0.25,euclidean,corr,0.09027641773660276
inspired,trained,1,conv_layers.2,2,0.5,correlation,rho-a,0.0515435823821529
inspired,trained,1,conv_layers.2,2,0.5,correlation,tau-a,0.03445095568903485
inspired,trained,1,conv_layers.2,2,0.5,correlation,corr,0.04783361934976677
inspired,trained,1,conv_layers.2,2,0.5,euclidean,rho-a,0.08818157506630249
inspired,trained,1,conv_layers.2,2,0.5,euclidean,tau-a,0.05845652364345925
inspired,trained,1,conv_layers.2,2,0.5,euclidean,corr,0.07364322501899125
inspired,trained,1,rnn,3,0.75,correlation,rho-a,0.053425293683000086
inspired,trained,1,rnn,3,0.75,correlation,tau-a,0.035335558375477354
inspired,trained,1,rnn,3,0.75,correlation,corr,0.05342818093617918
inspired,trained,1,rnn,3,0.75,euclidean,rho-a,-0.02393712199464726
inspired,trained,1,rnn,3,0.75,euclidean,tau-a,-0.016031597831749744
inspired,trained,1,rnn,3,0.75,euclidean,corr,-0.025833445021050814
inspired,trained,1,classifier,4,1.0,correlation,rho-a,0.0671178472350343
inspired,trained,1,classifier,4,1.0,correlation,tau-a,0.04428519642883724
inspired,trained,1,classifier,4,1.0,correlation,corr,0.0584249878793794
inspired,trained,1,classifier,4,1.0,euclidean,rho-a,-0.019622302124676638
inspired,trained,1,classifier,4,1.0,euclidean,tau-a,-0.013241215325779423
inspired,trained,1,classifier,4,1.0,euclidean,corr,-0.029983663452823415
inspired,trained,2,conv_layers.0,0,0.0,correlation,rho-a,-0.033417208907353356
inspired,trained,2,conv_layers.0,0,0.0,correlation,tau-a,-0.022681016435763673
inspired,trained,2,conv_layers.0,0,0.0,correlation,corr,-0.015468931530506758
inspired,trained,2,conv_layers.0,0,0.0,euclidean,rho-a,0.08298896421048316
inspired,trained,2,conv_layers.0,0,0.0,euclidean,tau-a,0.055131333066179886
inspired,trained,2,conv_layers.0,0,0.0,euclidean,corr,0.07235486469977513
inspired,trained,2,conv_layers.1,1,0.25,correlation,rho-a,-0.0005637853370509587
inspired,trained,2,conv_layers.1,1,0.25,correlation,tau-a,-0.00032572382559723265
inspired,trained,2,conv_layers.1,1,0.25,correlation,corr,0.012576310686391383
inspired,trained,2,conv_layers.1,1,0.25,euclidean,rho-a,0.12180335640533053
inspired,trained,2,conv_layers.1,1,0.25,euclidean,tau-a,0.08038937366306764
inspired,trained,2,conv_layers.1,1,0.25,euclidean,corr,0.10028983186513693
inspired,trained,2,conv_layers.2,2,0.5,correlation,rho-a,0.04152997402268123
inspired,trained,2,conv_layers.2,2,0.5,correlation,tau-a,0.027658159209344963
inspired,trained,2,conv_layers.2,2,0.5,correlation,corr,0.03598050903512446
inspired,trained,2,conv_layers.2,2,0.5,euclidean,rho-a,0.13441980510763366
inspired,trained,2,conv_layers.2,2,0.5,euclidean,tau-a,0.0888282158853515
inspired,trained,2,conv_layers.2,2,0.5,euclidean,corr,0.10387362896321949
inspired,trained,2,rnn,3,0.75,correlation,rho-a,0.05562981485727442
inspired,trained,2,rnn,3,0.75,correlation,tau-a,0.03686770698754832
inspired,trained,2,rnn,3,0.75,correlation,corr,0.056339750122502044
inspired,trained,2,rnn,3,0.75,euclidean,rho-a,-0.019993717834716623
inspired,trained,2,rnn,3,0.75,euclidean,tau-a,-0.013496352111425114
inspired,trained,2,rnn,3,0.75,euclidean,corr,-0.022480151289977962
inspired,trained,2,classifier,4,1.0,correlation,rho-a,0.05466309828236347
inspired,trained,2,classifier,4,1.0,correlation,tau-a,0.036185495190474516
inspired,trained,2,classifier,4,1.0,correlation,corr,0.05191558065194945
inspired,trained,2,classifier,4,1.0,euclidean,rho-a,-0.014953030767083198
inspired,trained,2,classifier,4,1.0,euclidean,tau-a,-0.010200796849459183
inspired,trained,2,classifier,4,1.0,euclidean,corr,-0.02286082413136671
inspired,trained,3,conv_layers.0,0,0.0,correlation,rho-a,-0.07583766372472331
inspired,trained,3,conv_layers.0,0,0.0,correlation,tau-a,-0.051260507480441656
inspired,trained,3,conv_layers.0,0,0.0,correlation,corr,-0.05883185224674794
inspired,trained,3,conv_layers.0,0,0.0,euclidean,rho-a,0.084689035904487
inspired,trained,3,conv_layers.0,0,0.0,euclidean,tau-a,0.056295150353720694
inspired,trained,3,conv_layers.0,0,0.0,euclidean,corr,0.07582992202390208
inspired,trained,3,conv_layers.1,1,0.25,correlation,rho-a,0.02400420870828831
inspired,trained,3,conv_layers.1,1,0.25,correlation,tau-a,0.015961818772182515
inspired,trained,3,conv_layers.1,1,0.25,correlation,corr,0.025398932784101307
inspired,trained,3,conv_layers.1,1,0.25,euclidean,rho-a,0.12283210848687064
inspired,trained,3,conv_layers.1,1,0.25,euclidean,tau-a,0.08131901481551242
inspired,trained,3,conv_layers.1,1,0.25,euclidean,corr,0.10552947244675394
inspired,trained,3,conv_layers.2,2,0.5,correlation,rho-a,0.06405130302137654
inspired,trained,3,conv_layers.2,2,0.5,correlation,tau-a,0.042783409143439526
inspired,trained,3,conv_layers.2,2,0.5,correlation,corr,0.07220301466081082
inspired,trained,3,conv_layers.2,2,0.5,euclidean,rho-a,0.1287935154528462
inspired,trained,3,conv_layers.2,2,0.5,euclidean,tau-a,0.08516183978248287
inspired,trained,3,conv_layers.2,2,0.5,euclidean,corr,0.10159353878725984
inspired,trained,3,rnn,3,0.75,correlation,rho-a,0.048985252038001074
inspired,trained,3,rnn,3,0.75,correlation,tau-a,0.03251633916668941
inspired,trained,3,rnn,3,0.75,correlation,corr,0.04917006534746706
inspired,trained,3,rnn,3,0.75,euclidean,rho-a,-0.013986850504583002
inspired,trained,3,rnn,3,0.75,euclidean,tau-a,-0.009394690042846005
inspired,trained,3,rnn,3,0.75,euclidean,corr,-0.015519613515371195
inspired,trained,3,classifier,4,1.0,correlation,rho-a,0.05063869163950742
inspired,trained,3,classifier,4,1.0,correlation,tau-a,0.033607424167809014
inspired,trained,3,classifier,4,1.0,correlation,corr,0.0505795707944679
inspired,trained,3,classifier,4,1.0,euclidean,rho-a,-0.014009235446996022
inspired,trained,3,classifier,4,1.0,euclidean,tau-a,-0.00939105061815839
inspired,trained,3,classifier,4,1.0,euclidean,corr,-0.013144245966766152
inspired,trained,4,conv_layers.0,0,0.0,correlation,rho-a,-0.05667819541748895
inspired,trained,4,conv_layers.0,0,0.0,correlation,tau-a,-0.03807901010196563
inspired,trained,4,conv_layers.0,0,0.0,correlation,corr,-0.040462407736855624
inspired,trained,4,conv_layers.0,0,0.0,euclidean,rho-a,0.09320543643558032
inspired,trained,4,conv_layers.0,0,0.0,euclidean,tau-a,0.06207313752254254
inspired,trained,4,conv_layers.0,0,0.0,euclidean,corr,0.08531582543890466
inspired,trained,4,conv_layers.1,1,0.25,correlation,rho-a,0.0016158487935888626
inspired,trained,4,conv_layers.1,1,0.25,correlation,tau-a,0.0011899068570517639
inspired,trained,4,conv_layers.1,1,0.25,correlation,corr,-0.005281584469804084
inspired,trained,4,conv_layers.1,1,0.25,euclidean,rho-a,0.1241698514916159
inspired,trained,4,conv_layers.1,1,0.25,euclidean,tau-a,0.08247748303871183
inspired,trained,4,conv_layers.1,1,0.25,euclidean,corr,0.10469388400482638
inspired,trained,4,conv_layers.2,2,0.5,correlation,rho-a,0.05276211522046062
inspired,trained,4,conv_layers.2,2,0.5,correlation,tau-a,0.03519308684301511
inspired,trained,4,conv_layers.2,2,0.5,correlation,corr,0.046738961212157766
inspired,trained,4,conv_layers.2,2,0.5,euclidean,rho-a,0.13823712850154043
inspired,trained,4,conv_layers.2,2,0.5,euclidean,tau-a,0.09177728105485722
inspired,trained,4,conv_layers.2,2,0.5,euclidean,corr,0.11220890295555566
inspired,trained,4,rnn,3,0.75,correlation,rho-a,0.04440712800434464
inspired,trained,4,rnn,3,0.75,correlation,tau-a,0.02943568326723023
inspired,trained,4,rnn,3,0.75,correlation,corr,0.04313658366129064
inspired,trained,4,rnn,3,0.75,euclidean,rho-a,-0.04171841142352198
inspired,trained,4,rnn,3,0.75,euclidean,tau-a,-0.027953598993349184
inspired,trained,4,rnn,3,0.75,euclidean,corr,-0.0437313243410001
inspired,trained,4,classifier,4,1.0,correlation,rho-a,0.06146716402236607
inspired,trained,4,classifier,4,1.0,correlation,tau-a,0.040713131543581374
inspired,trained,4,classifier,4,1.0,correlation,corr,0.05504377928603885
inspired,trained,4,classifier,4,1.0,euclidean,rho-a,-0.028612478922758235
inspired,trained,4,classifier,4,1.0,euclidean,tau-a,-0.019201279117727763
inspired,trained,4,classifier,4,1.0,euclidean,corr,-0.03305355110910525
pathway,untrained,0,ic,0,0.0,correlation,rho-a,-0.04399446814433653
pathway,untrained,0,ic,0,0.0,correlation,tau-a,-0.029817452827833452
pathway,untrained,0,ic,0,0.0,correlation,corr,-0.027897069793715857
pathway,untrained,0,ic,0,0.0,euclidean,rho-a,0.0607227810860126
pathway,untrained,0,ic,0,0.0,euclidean,tau-a,0.040514883602907906
pathway,untrained,0,ic,0,0.0,euclidean,corr,0.04472371004825555
pathway,untrained,0,mgb,1,0.2,correlation,rho-a,-0.007774443666668667
pathway,untrained,0,mgb,1,0.2,correlation,tau-a,-0.005390353310008977
pathway,untrained,0,mgb,1,0.2,correlation,corr,0.0007535988965735629
pathway,untrained,0,mgb,1,0.2,euclidean,rho-a,0.07979213283392256
pathway,untrained,0,mgb,1,0.2,euclidean,tau-a,0.05312561661198677
pathway,untrained,0,mgb,1,0.2,euclidean,corr,0.06206400419917579
pathway,untrained,0,a1,2,0.4,correlation,rho-a,-0.006589961919627595
pathway,untrained,0,a1,2,0.4,correlation,tau-a,-0.0044062097821908775
pathway,untrained,0,a1,2,0.4,correlation,corr,-0.005307273396437664
pathway,untrained,0,a1,2,0.4,euclidean,rho-a,0.070022719976295
pathway,untrained,0,a1,2,0.4,euclidean,tau-a,0.04662341905991159
pathway,untrained,0,a1,2,0.4,euclidean,corr,0.047669254900948435
pathway,untrained,0,belt,3,0.6,correlation,rho-a,0.016117496172361433
pathway,untrained,0,belt,3,0.6,correlation,tau-a,0.010682666982776697
pathway,untrained,0,belt,3,0.6,correlation,corr,0.04492185237515204
pathway,untrained,0,belt,3,0.6,euclidean,rho-a,0.08073140048291334
pathway,untrained,0,belt,3,0.6,euclidean,tau-a,0.053507039560714974
pathway,untrained,0,belt,3,0.6,euclidean,corr,0.061009349155908846
pathway,untrained,0,stg,4,0.8,correlation,rho-a,0.020114370080479737
pathway,untrained,0,stg,4,0.8,correlation,tau-a,0.01328223496760926
pathway,untrained,0,stg,4,0.8,correlation,corr,0.0449347907373112
pathway,untrained,0,stg,4,0.8,euclidean,rho-a,0.09401427837091678
pathway,untrained,0,stg,4,0.8,euclidean,tau-a,0.062392268696598176
pathway,untrained,0,stg,4,0.8,euclidean,corr,0.0770226918280157
pathway,untrained,0,classifier,5,1.0,correlation,rho-a,0.04580904557431405
pathway,untrained,0,classifier,5,1.0,correlation,tau-a,0.0307706425100298
pathway,untrained,0,classifier,5,1.0,correlation,corr,0.07891553562805938
pathway,untrained,0,classifier,5,1.0,euclidean,rho-a,0.0648119468309901
pathway,untrained,0,classifier,5,1.0,euclidean,tau-a,0.04308970865220338
pathway,untrained,0,classifier,5,1.0,euclidean,corr,0.06961306716460482
pathway,untrained,1,ic,0,0.0,correlation,rho-a,-0.05896976686855944
pathway,untrained,1,ic,0,0.0,correlation,tau-a,-0.04027462068225002
pathway,untrained,1,ic,0,0.0,correlation,corr,-0.02348172902779997
pathway,untrained,1,ic,0,0.0,euclidean,rho-a,0.07257322724534619
pathway,untrained,1,ic,0,0.0,euclidean,tau-a,0.04848244374786699
pathway,untrained,1,ic,0,0.0,euclidean,corr,0.06249212393841393
pathway,untrained,1,mgb,1,0.2,correlation,rho-a,-0.06837488444979922
pathway,untrained,1,mgb,1,0.2,correlation,tau-a,-0.0466002733493661
pathway,untrained,1,mgb,1,0.2,correlation,corr,-0.043846988933656184
pathway,untrained,1,mgb,1,0.2,euclidean,rho-a,0.059602428661843336
pathway,untrained,1,mgb,1,0.2,euclidean,tau-a,0.03980316061504347
pathway,untrained,1,mgb,1,0.2,euclidean,corr,0.04767826862268841
pathway,untrained,1,a1,2,0.4,correlation,rho-a,-0.06114475674640878
pathway,untrained,1,a1,2,0.4,correlation,tau-a,-0.04107076942337302
pathway,untrained,1,a1,2,0.4,correlation,corr,-0.05846212582024129
pathway,untrained,1,a1,2,0.4,euclidean,rho-a,0.06718726131845545
pathway,untrained,1,a1,2,0.4,euclidean,tau-a,0.0449571152584065
pathway,untrained,1,a1,2,0.4,euclidean,corr,0.04844021408216856
pathway,untrained,1,belt,3,0.6,correlation,rho-a,-0.07101222113224456
pathway,untrained,1,belt,3,0.6,correlation,tau-a,-0.047489023668448094
pathway,untrained,1,belt,3,0.6,correlation,corr,-0.06144285945542691
pathway,untrained,1,belt,3,0.6,euclidean,rho-a,0.055270702653243006
pathway,untrained,1,belt,3,0.6,euclidean,tau-a,0.03672610901068999
pathway,untrained,1,belt,3,0.6,euclidean,corr,0.03192928078369243
pathway,untrained,1,stg,4,0.8,correlation,rho-a,-0.08773792069703476
pathway,untrained,1,stg,4,0.8,correlation,tau-a,-0.05863111532366322
pathway,untrained,1,stg,4,0.8,correlation,corr,-0.07410784350530739
pathway,untrained,1,stg,4,0.8,euclidean,rho-a,0.043240132566559036
pathway,untrained,1,stg,4,0.8,euclidean,tau-a,0.028657626260799523
pathway,untrained,1,stg,4,0.8,euclidean,corr,0.024091836101392677
pathway,untrained,1,classifier,5,1.0,correlation,rho-a,-0.0077275405346863765
pathway,untrained,1,classifier,5,1.0,correlation,tau-a,-0.0054881259624275916
pathway,untrained,1,classifier,5,1.0,correlation,corr,0.004304875750757858
pathway,untrained,1,classifier,5,1.0,euclidean,rho-a,0.05769647043429124
pathway,untrained,1,classifier,5,1.0,euclidean,tau-a,0.03859810354029276
pathway,untrained,1,classifier,5,1.0,euclidean,corr,0.049848173270224776
pathway,untrained,2,ic,0,0.0,correlation,rho-a,0.0012678121332055465
pathway,untrained,2,ic,0,0.0,correlation,tau-a,0.0006779423818836427
pathway,untrained,2,ic,0,0.0,correlation,corr,0.014856732746528295
pathway,untrained,2,ic,0,0.0,euclidean,rho-a,0.05005214818849655
pathway,untrained,2,ic,0,0.0,euclidean,tau-a,0.033389543474782735
pathway,untrained,2,ic,0,0.0,euclidean,corr,0.03649536299991783
pathway,untrained,2,mgb,1,0.2,correlation,rho-a,-0.004911819070310587
pathway,untrained,2,mgb,1,0.2,correlation,tau-a,-0.003357268569522768
pathway,untrained,2,mgb,1,0.2,correlation,corr,-0.00836511789929826
pathway,untrained,2,mgb,1,0.2,euclidean,rho-a,0.053735535648571
pathway,untrained,2,mgb,1,0.2,euclidean,tau-a,0.03586326792926506
pathway,untrained,2,mgb,1,0.2,euclidean,corr,0.03877311718621679
pathway,untrained,2,a1,2,0.4,correlation,rho-a,0.022229321759809583
pathway,untrained,2,a1,2,0.4,correlation,tau-a,0.014884647427478047
pathway,untrained,2,a1,2,0.4,correlation,corr,0.016993693888689196
pathway,untrained,2,a1,2,0.4,euclidean,rho-a,0.025373757564080994
pathway,untrained,2,a1,2,0.4,euclidean,tau-a,0.01690793569855094
pathway,untrained,2,a1,2,0.4,euclidean,corr,0.018869506852864388
pathway,untrained,2,belt,3,0.6,correlation,rho-a,0.012555385962348975
pathway,untrained,2,belt,3,0.6,correlation,tau-a,0.008415445920720627
pathway,untrained,2,belt,3,0.6,correlation,corr,0.005740699625552404
pathway,untrained,2,belt,3,0.6,euclidean,rho-a,0.03228095645836476
pathway,untrained,2,belt,3,0.6,euclidean,tau-a,0.021393655434502765
pathway,untrained,2,belt,3,0.6,euclidean,corr,0.01008020461719521
pathway,untrained,2,stg,4,0.8,correlation,rho-a,0.02560276190794214
pathway,untrained,2,stg,4,0.8,correlation,tau-a,0.01727767220635817
pathway,untrained,2,stg,4,0.8,correlation,corr,0.019399533004743303
pathway,untrained,2,stg,4,0.8,euclidean,rho-a,0.031035067736316584
pathway,untrained,2,stg,4,0.8,euclidean,tau-a,0.02059303586858655
pathway,untrained,2,stg,4,0.8,euclidean,corr,0.010371610709794928
pathway,untrained,2,classifier,5,1.0,correlation,rho-a,0.03789636178173361
pathway,untrained,2,classifier,5,1.0,correlation,tau-a,0.025287605653037334
pathway,untrained,2,classifier,5,1.0,correlation,corr,0.029755495786215815
pathway,untrained,2,classifier,5,1.0,euclidean,rho-a,0.035695423521536394
pathway,untrained,2,classifier,5,1.0,euclidean,tau-a,0.02349651689258407
pathway,untrained,2,classifier,5,1.0,euclidean,corr,0.014182593266726731
pathway,untrained,3,ic,0,0.0,correlation,rho-a,-0.046285063814297873
pathway,untrained,3,ic,0,0.0,correlation,tau-a,-0.031314254054569696
pathway,untrained,3,ic,0,0.0,correlation,corr,-0.026031537458557505
pathway,untrained,3,ic,0,0.0,euclidean,rho-a,0.0904995139706688
pathway,untrained,3,ic,0,0.0,euclidean,tau-a,0.06032045710499589
pathway,untrained,3,ic,0,0.0,euclidean,corr,0.07331187966541691
pathway,untrained,3,mgb,1,0.2,correlation,rho-a,-0.06779266519421906
pathway,untrained,3,mgb,1,0.2,correlation,tau-a,-0.04620844970241544
pathway,untrained,3,mgb,1,0.2,correlation,corr,-0.051953844475700534
pathway,untrained,3,mgb,1,0.2,euclidean,rho-a,0.08883306040920058
pathway,untrained,3,mgb,1,0.2,euclidean,tau-a,0.05946898864022672
pathway,untrained,3,mgb,1,0.2,euclidean,corr,0.08014437269234372
pathway,untrained,3,a1,2,0.4,correlation,rho-a,-0.05349084253967115
pathway,untrained,3,a1,2,0.4,correlation,tau-a,-0.03606621152405607
pathway,untrained,3,a1,2,0.4,correlation,corr,-0.04941779308161625
pathway,untrained,3,a1,2,0.4,euclidean,rho-a,0.09521651221863828
pathway,untrained,3,a1,2,0.4,euclidean,tau-a,0.06370697222245876
pathway,untrained,3,a1,2,0.4,euclidean,corr,0.08829750040728485
pathway,untrained,3,belt,3,0.6,correlation,rho-a,-0.04762907097574461
pathway,untrained,3,belt,3,0.6,correlation,tau-a,-0.03214257446682124
pathway,untrained,3,belt,3,0.6,correlation,corr,-0.0438649478942892
pathway,untrained,3,belt,3,0.6,euclidean,rho-a,0.12405545486891079
pathway,untrained,3,belt,3,0.6,euclidean,tau-a,0.08293128463606984
pathway,untrained,3,belt,3,0.6,euclidean,corr,0.11271185464998205
pathway,untrained,3,stg,4,0.8,correlation,rho-a,-0.01826074244131274
pathway,untrained,3,stg,4,0.8,correlation,tau-a,-0.012638527534299329
pathway,untrained,3,stg,4,0.8,correlation,corr,0.0006799540130985197
pathway,untrained,3,stg,4,0.8,euclidean,rho-a,0.11439543928996593
pathway,untrained,3,stg,4,0.8,euclidean,tau-a,0.07649500423152208
pathway,untrained,3,stg,4,0.8,euclidean,corr,0.11087595701521644
pathway,untrained,3,classifier,5,1.0,correlation,rho-a,0.024586735864041843
pathway,untrained,3,classifier,5,1.0,correlation,tau-a,0.016488682874031848
pathway,untrained,3,classifier,5,1.0,correlation,corr,0.033687828983291535
pathway,untrained,3,classifier,5,1.0,euclidean,rho-a,0.06256358567195779
pathway,untrained,3,classifier,5,1.0,euclidean,tau-a,0.04175239806938685
pathway,untrained,3,classifier,5,1.0,euclidean,corr,0.07234221335364766
pathway,untrained,4,ic,0,0.0,correlation,rho-a,-0.03261584662568302
pathway,untrained,4,ic,0,0.0,correlation,tau-a,-0.022223331848616683
pathway,untrained,4,ic,0,0.0,correlation,corr,-0.017554386115495126
pathway,untrained,4,ic,0,0.0,euclidean,rho-a,0.07036637122589626
pathway,untrained,4,ic,0,0.0,euclidean,tau-a,0.04700309021348772
pathway,untrained,4,ic,0,0.0,euclidean,corr,0.05692658314306785
pathway,untrained,4,mgb,1,0.2,correlation,rho-a,-0.05541983012942754
pathway,untrained,4,mgb,1,0.2,correlation,tau-a,-0.037976258416801925
pathway,untrained,4,mgb,1,0.2,correlation,corr,-0.034952052567490066
pathway,untrained,4,mgb,1,0.2,euclidean,rho-a,0.07879034151965858
pathway,untrained,4,mgb,1,0.2,euclidean,tau-a,0.05255629723939286
pathway,untrained,4,mgb,1,0.2,euclidean,corr,0.06917617868896302
pathway,untrained,4,a1,2,0.4,correlation,rho-a,-0.02280902911895725
pathway,untrained,4,a1,2,0.4,correlation,tau-a,-0.015110003695538339
pathway,untrained,4,a1,2,0.4,correlation,corr,-0.028849850936235277
pathway,untrained,4,a1,2,0.4,euclidean,rho-a,0.07378359129246319
pathway,untrained,4,a1,2,0.4,euclidean,tau-a,0.04925517979362186
pathway,untrained,4,a1,2,0.4,euclidean,corr,0.05587774868906643
pathway,untrained,4,belt,3,0.6,correlation,rho-a,-0.0483455973140479
pathway,untrained,4,belt,3,0.6,correlation,tau-a,-0.03222697211641427
pathway,untrained,4,belt,3,0.6,correlation,corr,-0.039805372466538626
pathway,untrained,4,belt,3,0.6,euclidean,rho-a,0.08245287817214719
pathway,untrained,4,belt,3,0.6,euclidean,tau-a,0.05477550787281566
pathway,untrained,4,belt,3,0.6,euclidean,corr,0.06065007634204407
pathway,untrained,4,stg,4,0.8,correlation,rho-a,-0.07704531783973155
pathway,untrained,4,stg,4,0.8,correlation,tau-a,-0.05159482165980605
pathway,untrained,4,stg,4,0.8,correlation,corr,-0.04830699921672033
pathway,untrained,4,stg,4,0.8,euclidean,rho-a,0.07467440094046467
pathway,untrained,4,stg,4,0.8,euclidean,tau-a,0.04964917913267985
pathway,untrained,4,stg,4,0.8,euclidean,corr,0.06279205184687452
pathway,untrained,4,classifier,5,1.0,correlation,rho-a,0.019163193182086397
pathway,untrained,4,classifier,5,1.0,correlation,tau-a,0.012789170207517747
pathway,untrained,4,classifier,5,1.0,correlation,corr,0.038529146622309385
pathway,untrained,4,classifier,5,1.0,euclidean,rho-a,0.062093262753457695
pathway,untrained,4,classifier,5,1.0,euclidean,tau-a,0.041287432290892497
pathway,untrained,4,classifier,5,1.0,euclidean,corr,0.06537624709794888
pathway,trained,0,ic,0,0.0,correlation,rho-a,-0.061891590365883375
pathway,trained,0,ic,0,0.0,correlation,tau-a,-0.041789148296026514
pathway,trained,0,ic,0,0.0,correlation,corr,-0.04628867230342265
pathway,trained,0,ic,0,0.0,euclidean,rho-a,0.09627162513249701
pathway,trained,0,ic,0,0.0,euclidean,tau-a,0.06399828545157264
pathway,trained,0,ic,0,0.0,euclidean,corr,0.0891898286708187
pathway,trained,0,mgb,1,0.2,correlation,rho-a,-0.005660245611348466
pathway,trained,0,mgb,1,0.2,correlation,tau-a,-0.0038015781538441678
pathway,trained,0,mgb,1,0.2,correlation,corr,-0.005162065680761763
pathway,trained,0,mgb,1,0.2,euclidean,rho-a,0.12054805382249428
pathway,trained,0,mgb,1,0.2,euclidean,tau-a,0.08014394669386651
pathway,trained,0,mgb,1,0.2,euclidean,corr,0.11377593503622008
pathway,trained,0,a1,2,0.4,correlation,rho-a,0.02963775549924308
pathway,trained,0,a1,2,0.4,correlation,tau-a,0.01972247798899837
pathway,trained,0,a1,2,0.4,correlation,corr,0.028045449963536254
pathway,trained,0,a1,2,0.4,euclidean,rho-a,0.1200750442162804
pathway,trained,0,a1,2,0.4,euclidean,tau-a,0.07966932964823083
pathway,trained,0,a1,2,0.4,euclidean,corr,0.10442768185086374
pathway,trained,0,belt,3,0.6,correlation,rho-a,0.06176732725503731
pathway,trained,0,belt,3,0.6,correlation,tau-a,0.04101978703210875
pathway,trained,0,belt,3,0.6,correlation,corr,0.055572031693007506
pathway,trained,0,belt,3,0.6,euclidean,rho-a,0.1008861958917579
pathway,trained,0,belt,3,0.6,euclidean,tau-a,0.0672180240498242
pathway,trained,0,belt,3,0.6,euclidean,corr,0.0810206468836493
pathway,trained,0,stg,4,0.8,correlation,rho-a,0.06103070828965901
pathway,trained,0,stg,4,0.8,correlation,tau-a,0.04053508077054368
pathway,trained,0,stg,4,0.8,correlation,corr,0.06097923859094469
pathway,trained,0,stg,4,0.8,euclidean,rho-a,0.13177450800140383
pathway,trained,0,stg,4,0.8,euclidean,tau-a,0.08819717383731225
pathway,trained,0,stg,4,0.8,euclidean,corr,0.12280290572184005
pathway,trained,0,classifier,5,1.0,correlation,rho-a,0.033384768214126115
pathway,trained,0,classifier,5,1.0,correlation,tau-a,0.021667806691859356
pathway,trained,0,classifier,5,1.0,correlation,corr,0.022778193695827183
pathway,trained,0,classifier,5,1.0,euclidean,rho-a,0.08406070497657087
pathway,trained,0,classifier,5,1.0,euclidean,tau-a,0.05589161216218352
pathway,trained,0,classifier,5,1.0,euclidean,corr,0.06721244381259665
pathway,trained,1,ic,0,0.0,correlation,rho-a,-0.014821974929759901
pathway,trained,1,ic,0,0.0,correlation,tau-a,-0.010176241271692364
pathway,trained,1,ic,0,0.0,correlation,corr,0.00512218050409779
pathway,trained,1,ic,0,0.0,euclidean,rho-a,0.08663366971924452
pathway,trained,1,ic,0,0.0,euclidean,tau-a,0.05756867498364671
pathway,trained,1,ic,0,0.0,euclidean,corr,0.0805712328214451
pathway,trained,1,mgb,1,0.2,correlation,rho-a,0.009447493206345362
pathway,trained,1,mgb,1,0.2,correlation,tau-a,0.006275368183546089
pathway,trained,1,mgb,1,0.2,correlation,corr,0.021295154193649184
pathway,trained,1,mgb,1,0.2,euclidean,rho-a,0.12317692846975714
pathway,trained,1,mgb,1,0.2,euclidean,tau-a,0.08149922722882466
pathway,trained,1,mgb,1,0.2,euclidean,corr,0.10597543877083447
pathway,trained,1,a1,2,0.4,correlation,rho-a,0.036850568084236326
pathway,trained,1,a1,2,0.4,correlation,tau-a,0.024495037787298737
pathway,trained,1,a1,2,0.4,correlation,corr,0.051231956044749956
pathway,trained,1,a1,2,0.4,euclidean,rho-a,0.14051672091358364
pathway,trained,1,a1,2,0.4,euclidean,tau-a,0.09336819208960317
pathway,trained,1,a1,2,0.4,euclidean,corr,0.12595521679016913
pathway,trained,1,belt,3,0.6,correlation,rho-a,0.015063003561970684
pathway,trained,1,belt,3,0.6,correlation,tau-a,0.009853428517450798
pathway,trained,1,belt,3,0.6,correlation,corr,0.006402530651128508
pathway,trained,1,belt,3,0.6,euclidean,rho-a,0.10626173978297418
pathway,trained,1,belt,3,0.6,euclidean,tau-a,0.07034740936336008
pathway,trained,1,belt,3,0.6,euclidean,corr,0.07387333250558706
pathway,trained,1,stg,4,0.8,correlation,rho-a,0.03895771016093943
pathway,trained,1,stg,4,0.8,correlation,tau-a,0.02587189725344844
pathway,trained,1,stg,4,0.8,correlation,corr,0.03262002380549648
pathway,trained,1,stg,4,0.8,euclidean,rho-a,0.07893750133958596
pathway,trained,1,stg,4,0.8,euclidean,tau-a,0.05258805203948254
pathway,trained,1,stg,4,0.8,euclidean,corr,0.05948128061019866
pathway,trained,1,classifier,5,1.0,correlation,rho-a,0.05018157065181496
pathway,trained,1,classifier,5,1.0,correlation,tau-a,0.03332538983226805
pathway,trained,1,classifier,5,1.0,correlation,corr,0.0421398440114094
pathway,trained,1,classifier,5,1.0,euclidean,rho-a,0.047526309708322806
pathway,trained,1,classifier,5,1.0,euclidean,tau-a,0.03163980457422942
pathway,trained,1,classifier,5,1.0,euclidean,corr,0.028017346784482474
pathway,trained,2,ic,0,0.0,correlation,rho-a,-0.053938136253386657
pathway,trained,2,ic,0,0.0,correlation,tau-a,-0.03645590631834197
pathway,trained,2,ic,0,0.0,correlation,corr,-0.03616532281816657
pathway,trained,2,ic,0,0.0,euclidean,rho-a,0.098672391162463
pathway,trained,2,ic,0,0.0,euclidean,tau-a,0.06565949312172623
pathway,trained,2,ic,0,0.0,euclidean,corr,0.09057678608789234
pathway,trained,2,mgb,1,0.2,correlation,rho-a,0.008194276316657522
pathway,trained,2,mgb,1,0.2,correlation,tau-a,0.005443509051408452
pathway,trained,2,mgb,1,0.2,correlation,corr,0.01916634917669749
pathway,trained,2,mgb,1,0.2,euclidean,rho-a,0.1105287319707841
pathway,trained,2,mgb,1,0.2,euclidean,tau-a,0.07340084452077025
pathway,trained,2,mgb,1,0.2,euclidean,corr,0.10283476118969141
pathway,trained,2,a1,2,0.4,correlation,rho-a,0.03399737919243397
pathway,trained,2,a1,2,0.4,correlation,tau-a,0.022530996727131422
pathway,trained,2,a1,2,0.4,correlation,corr,0.0330465985792301
pathway,trained,2,a1,2,0.4,euclidean,rho-a,0.10218509664740069
pathway,trained,2,a1,2,0.4,euclidean,tau-a,0.06776031472208364
pathway,trained,2,a1,2,0.4,euclidean,corr,0.09120729950795162
pathway,trained,2,belt,3,0.6,correlation,rho-a,0.04795716452087319
pathway,trained,2,belt,3,0.6,correlation,tau-a,0.03181780382388029
pathway,trained,2,belt,3,0.6,correlation,corr,0.04125299680325276
pathway,trained,2,belt,3,0.6,euclidean,rho-a,0.11227109663214369
pathway,trained,2,belt,3,0.6,euclidean,tau-a,0.07462425094714739
pathway,trained,2,belt,3,0.6,euclidean,corr,0.08990893011962438
pathway,trained,2,stg,4,0.8,correlation,rho-a,0.054077669396792837
pathway,trained,2,stg,4,0.8,correlation,tau-a,0.035853670527482666
pathway,trained,2,stg,4,0.8,correlation,corr,0.05741396701261981
pathway,trained,2,stg,4,0.8,euclidean,rho-a,0.07735692022562629
pathway,trained,2,stg,4,0.8,euclidean,tau-a,0.05165549981568211
pathway,trained,2,stg,4,0.8,euclidean,corr,0.06636824028442494
pathway,trained,2,classifier,5,1.0,correlation,rho-a,0.03155338941087588
pathway,trained,2,classifier,5,1.0,correlation,tau-a,0.020680541315194027
pathway,trained,2,classifier,5,1.0,correlation,corr,0.026431210154633202
pathway,trained,2,classifier,5,1.0,euclidean,rho-a,0.05471600225328749
pathway,trained,2,classifier,5,1.0,euclidean,tau-a,0.03641283510892761
pathway,trained,2,classifier,5,1.0,euclidean,corr,0.036377335602397864
pathway,trained,3,ic,0,0.0,correlation,rho-a,-0.021756763631580835
pathway,trained,3,ic,0,0.0,correlation,tau-a,-0.014713046445682111
pathway,trained,3,ic,0,0.0,correlation,corr,-0.0029425506258520914
pathway,trained,3,ic,0,0.0,euclidean,rho-a,0.10234530505945286
pathway,trained,3,ic,0,0.0,euclidean,tau-a,0.06808372936316223
pathway,trained,3,ic,0,0.0,euclidean,corr,0.09480801774534356
pathway,trained,3,mgb,1,0.2,correlation,rho-a,0.014467971035289743
pathway,trained,3,mgb,1,0.2,correlation,tau-a,0.009650215595865017
pathway,trained,3,mgb,1,0.2,correlation,corr,0.020646080495181164
pathway,trained,3,mgb,1,0.2,euclidean,rho-a,0.10268742176707771
pathway,trained,3,mgb,1,0.2,euclidean,tau-a,0.0683635997164565
pathway,trained,3,mgb,1,0.2,euclidean,corr,0.09476439620762259
pathway,trained,3,a1,2,0.4,correlation,rho-a,0.052549244730185705
pathway,trained,3,a1,2,0.4,correlation,tau-a,0.034892942037004826
pathway,trained,3,a1,2,0.4,correlation,corr,0.05602353262499612
pathway,trained,3,a1,2,0.4,euclidean,rho-a,0.09048149260139016
pathway,trained,3,a1,2,0.4,euclidean,tau-a,0.05953660371754726
pathway,trained,3,a1,2,0.4,euclidean,corr,0.07126207352846654
pathway,trained,3,belt,3,0.6,correlation,rho-a,0.036215925852080076
pathway,trained,3,belt,3,0.6,correlation,tau-a,0.023667532381347892
pathway,trained,3,belt,3,0.6,correlation,corr,0.03465896142752166
pathway,trained,3,belt,3,0.6,euclidean,rho-a,0.08590127757620558
pathway,trained,3,belt,3,0.6,euclidean,tau-a,0.05700103948901316
pathway,trained,3,belt,3,0.6,euclidean,corr,0.0593545505377734
pathway,trained,3,stg,4,0.8,correlation,rho-a,0.03830015168095971
pathway,trained,3,stg,4,0.8,correlation,tau-a,0.02541199013475155
pathway,trained,3,stg,4,0.8,correlation,corr,0.028902619666896945
pathway,trained,3,stg,4,0.8,euclidean,rho-a,0.10292672352444479
pathway,trained,3,stg,4,0.8,euclidean,tau-a,0.06881744581128496
pathway,trained,3,stg,4,0.8,euclidean,corr,0.08932237907505393
pathway,trained,3,classifier,5,1.0,correlation,rho-a,0.024913987882411115
pathway,trained,3,classifier,5,1.0,correlation,tau-a,0.016394158536955396
pathway,trained,3,classifier,5,1.0,correlation,corr,0.021590847437396227
pathway,trained,3,classifier,5,1.0,euclidean,rho-a,0.052786315440946044
pathway,trained,3,classifier,5,1.0,euclidean,tau-a,0.035167959824048946
pathway,trained,3,classifier,5,1.0,euclidean,corr,0.05163847593597568
pathway,trained,4,ic,0,0.0,correlation,rho-a,-0.05568221335729792
pathway,trained,4,ic,0,0.0,correlation,tau-a,-0.03740965807384915
pathway,trained,4,ic,0,0.0,correlation,corr,-0.038974336938211646
pathway,trained,4,ic,0,0.0,euclidean,rho-a,0.1018424592144649
pathway,trained,4,ic,0,0.0,euclidean,tau-a,0.06774915288291944
pathway,trained,4,ic,0,0.0,euclidean,corr,0.09442358312140656
pathway,trained,4,mgb,1,0.2,correlation,rho-a,0.001157679399907986
pathway,trained,4,mgb,1,0.2,correlation,tau-a,0.0008859540043606209
pathway,trained,4,mgb,1,0.2,correlation,corr,0.013303532299483903
pathway,trained,4,mgb,1,0.2,euclidean,rho-a,0.11979517753140903
pathway,trained,4,mgb,1,0.2,euclidean,tau-a,0.07939923937054497
pathway,trained,4,mgb,1,0.2,euclidean,corr,0.10600479101522144
pathway,trained,4,a1,2,0.4,correlation,rho-a,0.025156644096398013
pathway,trained,4,a1,2,0.4,correlation,tau-a,0.0167420467867763
pathway,trained,4,a1,2,0.4,correlation,corr,0.021273743526329887
pathway,trained,4,a1,2,0.4,euclidean,rho-a,0.1259677279706961
pathway,trained,4,a1,2,0.4,euclidean,tau-a,0.08375641762425458
pathway,trained,4,a1,2,0.4,euclidean,corr,0.1234649287840527
pathway,trained,4,belt,3,0.6,correlation,rho-a,0.043640603660646225
pathway,trained,4,belt,3,0.6,correlation,tau-a,0.02900021462769374
pathway,trained,4,belt,3,0.6,correlation,corr,0.03386593025760529
pathway,trained,4,belt,3,0.6,euclidean,rho-a,0.09605494928629602
pathway,trained,4,belt,3,0.6,euclidean,tau-a,0.06385354454811792
pathway,trained,4,belt,3,0.6,euclidean,corr,0.0717171787443794
pathway,trained,4,stg,4,0.8,correlation,rho-a,0.06076191007151943
pathway,trained,4,stg,4,0.8,correlation,tau-a,0.04063168009492594
pathway,trained,4,stg,4,0.8,correlation,corr,0.06009730948121445
pathway,trained,4,stg,4,0.8,euclidean,rho-a,0.0978897498774256
pathway,trained,4,stg,4,0.8,euclidean,tau-a,0.06539605872882942
pathway,trained,4,stg,4,0.8,euclidean,corr,0.09119084617853858
pathway,trained,4,classifier,5,1.0,correlation,rho-a,0.0527074620777061
pathway,trained,4,classifier,5,1.0,correlation,tau-a,0.034893853064162796
pathway,trained,4,classifier,5,1.0,correlation,corr,0.04886644535763614
pathway,trained,4,classifier,5,1.0,euclidean,rho-a,0.07664066649896473
pathway,trained,4,classifier,5,1.0,euclidean,tau-a,0.050985093900107824
pathway,trained,4,classifier,5,1.0,euclidean,corr,0.06514834697350438
yamnet,pretrained,0,layer01relu,0,0.0,correlation,rho-a,0.007808718481751793
yamnet,pretrained,0,layer01relu,0,0.0,correlation,tau-a,0.00519636541663717
yamnet,pretrained,0,layer01relu,0,0.0,correlation,corr,0.011805086964320722
yamnet,pretrained,0,layer01relu,0,0.0,euclidean,rho-a,0.07149922626002828
yamnet,pretrained,0,layer01relu,0,0.0,euclidean,tau-a,0.047658481745746495
yamnet,pretrained,0,layer01relu,0,0.0,euclidean,corr,0.06447211667617857
yamnet,pretrained,0,layer02relu,1,0.07142857142857142,correlation,rho-a,-0.03288275003786431
yamnet,pretrained,0,layer02relu,1,0.07142857142857142,correlation,tau-a,-0.02191573254532154
yamnet,pretrained,0,layer02relu,1,0.07142857142857142,correlation,corr,-0.0346712305116655
yamnet,pretrained,0,layer02relu,1,0.07142857142857142,euclidean,rho-a,0.09726858301408711
yamnet,pretrained,0,layer02relu,1,0.07142857142857142,euclidean,tau-a,0.06485930682065377
yamnet,pretrained,0,layer02relu,1,0.07142857142857142,euclidean,corr,0.09827653707074775
yamnet,pretrained,0,layer03relu,2,0.14285714285714285,correlation,rho-a,-0.03770886707037614
yamnet,pretrained,0,layer03relu,2,0.14285714285714285,correlation,tau-a,-0.025085964194749746
yamnet,pretrained,0,layer03relu,2,0.14285714285714285,correlation,corr,-0.04315904721965068
yamnet,pretrained,0,layer03relu,2,0.14285714285714285,euclidean,rho-a,0.09823007549334117
yamnet,pretrained,0,layer03relu,2,0.14285714285714285,euclidean,tau-a,0.06541525587436635
yamnet,pretrained,0,layer03relu,2,0.14285714285714285,euclidean,corr,0.09310020836671418
yamnet,pretrained,0,layer04relu,3,0.21428571428571427,correlation,rho-a,-0.051508728792821305
yamnet,pretrained,0,layer04relu,3,0.21428571428571427,correlation,tau-a,-0.03397105983822162
yamnet,pretrained,0,layer04relu,3,0.21428571428571427,correlation,corr,-0.05390013198016998
yamnet,pretrained,0,layer04relu,3,0.21428571428571427,euclidean,rho-a,0.08023195500567623
yamnet,pretrained,0,layer04relu,3,0.21428571428571427,euclidean,tau-a,0.053457598187111224
yamnet,pretrained,0,layer04relu,3,0.21428571428571427,euclidean,corr,0.07241128547986908
yamnet,pretrained,0,layer05relu,4,0.2857142857142857,correlation,rho-a,-0.0024065035644079405
yamnet,pretrained,0,layer05relu,4,0.2857142857142857,correlation,tau-a,-0.001541457951281565
yamnet,pretrained,0,layer05relu,4,0.2857142857142857,correlation,corr,-0.007088966005666888
yamnet,pretrained,0,layer05relu,4,0.2857142857142857,euclidean,rho-a,0.09511431179253968
yamnet,pretrained,0,layer05relu,4,0.2857142857142857,euclidean,tau-a,0.0634605545990473
yamnet,pretrained,0,layer05relu,4,0.2857142857142857,euclidean,corr,0.08332219724433654
yamnet,pretrained,0,layer06relu,5,0.35714285714285715,correlation,rho-a,-0.010981737694204996
yamnet,pretrained,0,layer06relu,5,0.35714285714285715,correlation,tau-a,-0.0074519937166574015
yamnet,pretrained,0,layer06relu,5,0.35714285714285715,correlation,corr,-0.007422448260321882
yamnet,pretrained,0,layer06relu,5,0.35714285714285715,euclidean,rho-a,0.10225377999607783
yamnet,pretrained,0,layer06relu,5,0.35714285714285715,euclidean,tau-a,0.0681416838054529
yamnet,pretrained,0,layer06relu,5,0.35714285714285715,euclidean,corr,0.0802460937330144
yamnet,pretrained,0,layer07relu,6,0.42857142857142855,correlation,rho-a,0.05313135361517975
yamnet,pretrained,0,layer07relu,6,0.42857142857142855,correlation,tau-a,0.03512748351975291
yamnet,pretrained,0,layer07relu,6,0.42857142857142855,correlation,corr,0.06489179159744346
yamnet,pretrained,0,layer07relu,6,0.42857142857142855,euclidean,rho-a,0.12184389231899106
yamnet,pretrained,0,layer07relu,6,0.42857142857142855,euclidean,tau-a,0.08122710411933132
yamnet,pretrained,0,layer07relu,6,0.42857142857142855,euclidean,corr,0.10435351870849476
yamnet,pretrained,0,layer08relu,7,0.5,correlation,rho-a,0.050401202650677594
yamnet,pretrained,0,layer08relu,7,0.5,correlation,tau-a,0.03347437907316378
yamnet,pretrained,0,layer08relu,7,0.5,correlation,corr,0.07663183656087565
yamnet,pretrained,0,layer08relu,7,0.5,euclidean,rho-a,0.09551383077355186
yamnet,pretrained,0,layer08relu,7,0.5,euclidean,tau-a,0.06341163080128394
yamnet,pretrained,0,layer08relu,7,0.5,euclidean,corr,0.0858131632504374
yamnet,pretrained,0,layer09relu,8,0.5714285714285714,correlation,rho-a,0.0417918489411666
yamnet,pretrained,0,layer09relu,8,0.5714285714285714,correlation,tau-a,0.027642451602279437
yamnet,pretrained,0,layer09relu,8,0.5714285714285714,correlation,corr,0.07504535954786908
yamnet,pretrained,0,layer09relu,8,0.5714285714285714,euclidean,rho-a,0.0825993170579816
yamnet,pretrained,0,layer09relu,8,0.5714285714285714,euclidean,tau-a,0.054535221532436486
yamnet,pretrained,0,layer09relu,8,0.5714285714285714,euclidean,corr,0.07005495175222846
yamnet,pretrained,0,layer10relu,9,0.6428571428571429,correlation,rho-a,0.015399393191663323
yamnet,pretrained,0,layer10relu,9,0.6428571428571429,correlation,tau-a,0.009713680698573939
yamnet,pretrained,0,layer10relu,9,0.6428571428571429,correlation,corr,0.044282912167901096
yamnet,pretrained,0,layer10relu,9,0.6428571428571429,euclidean,rho-a,0.03250324921285146
yamnet,pretrained,0,layer10relu,9,0.6428571428571429,euclidean,tau-a,0.02042328270279996
yamnet,pretrained,0,layer10relu,9,0.6428571428571429,euclidean,corr,-0.01756989550198163
yamnet,pretrained,0,layer11relu,10,0.7142857142857143,correlation,rho-a,0.037121481768756605
yamnet,pretrained,0,layer11relu,10,0.7142857142857143,correlation,tau-a,0.023735850050306966
yamnet,pretrained,0,layer11relu,10,0.7142857142857143,correlation,corr,0.0053190539959360305
yamnet,pretrained,0,layer11relu,10,0.7142857142857143,euclidean,rho-a,-0.03756196956929043
yamnet,pretrained,0,layer11relu,10,0.7142857142857143,euclidean,tau-a,-0.02536112718406583
yamnet,pretrained,0,layer11relu,10,0.7142857142857143,euclidean,corr,-0.09659374099375798
yamnet,pretrained,0,layer12relu,11,0.7857142857142857,correlation,rho-a,0.09799960036010008
yamnet,pretrained,0,layer12relu,11,0.7857142857142857,correlation,tau-a,0.06331314618933827
yamnet,pretrained,0,layer12relu,11,0.7857142857142857,correlation,corr,-0.016345792933950547
yamnet,pretrained,0,layer12relu,11,0.7857142857142857,euclidean,rho-a,-0.06606062682624941
yamnet,pretrained,0,layer12relu,11,0.7857142857142857,euclidean,tau-a,-0.043405884257432914
yamnet,pretrained,0,layer12relu,11,0.7857142857142857,euclidean,corr,-0.0936146361297837
yamnet,pretrained,0,layer13relu,12,0.8571428571428571,correlation,rho-a,0.02554878497746728
yamnet,pretrained,0,layer13relu,12,0.8571428571428571,correlation,tau-a,0.01684774233090547
yamnet,pretrained,0,layer13relu,12,0.8571428571428571,correlation,corr,0.026164812723765377
yamnet,pretrained,0,layer13relu,12,0.8571428571428571,euclidean,rho-a,0.005758914206910944
yamnet,pretrained,0,layer13relu,12,0.8571428571428571,euclidean,tau-a,0.0036267265147339415
yamnet,pretrained,0,layer13relu,12,0.8571428571428571,euclidean,corr,-0.027687846534056784
yamnet,pretrained,0,layer14relu,13,0.9285714285714286,correlation,rho-a,0.03029878613919454
yamnet,pretrained,0,layer14relu,13,0.9285714285714286,correlation,tau-a,0.01989349816170645
yamnet,pretrained,0,layer14relu,13,0.9285714285714286,correlation,corr,0.038701373396948374
yamnet,pretrained,0,layer14relu,13,0.9285714285714286,euclidean,rho-a,0.006632566303429892
yamnet,pretrained,0,layer14relu,13,0.9285714285714286,euclidean,tau-a,0.00429349534759274
yamnet,pretrained,0,layer14relu,13,0.9285714285714286,euclidean,corr,-0.02139484105546392
yamnet,pretrained,0,embedding,14,1.0,correlation,rho-a,0.02849230523677778
yamnet,pretrained,0,embedding,14,1.0,correlation,tau-a,0.018647768057000903
yamnet,pretrained,0,embedding,14,1.0,correlation,corr,0.034719039839281575
yamnet,pretrained,0,embedding,14,1.0,euclidean,rho-a,0.010545254042622035
yamnet,pretrained,0,embedding,14,1.0,euclidean,tau-a,0.006895890092784345
yamnet,pretrained,0,embedding,14,1.0,euclidean,corr,-0.020114885425612756
